id,lat,lng
-1,55.826539,37.646860
-2,55.826547,37.647036
-3,55.826515,37.646710
-4,55.826505,37.647225
-5,55.826598,37.646793
-6,55.824163,37.644384
-7,55.826436,37.647427
-8,55.826736,37.646933
-9,55.826597,37.646548
-10,55.826581,37.647231
-11,55.824325,37.644838
-12,55.823386,37.643550
-13,55.826357,37.647515
-14,55.826792,37.646743
-15,55.826633,37.647961
-16,55.826899,37.647088
-17,55.823830,37.643650
-18,55.826658,37.646491
-19,55.826420,37.647741
-20,55.823417,37.643915
-21,55.826412,37.646971
-22,55.823692,37.643009
-23,55.822478,37.642577
-24,55.826245,37.647561
-25,55.827162,37.645484
-26,55.826876,37.646828
-27,55.826363,37.648727
-28,55.826894,37.648207
-29,55.827400,37.647583
-30,55.823600,37.643393
-31,55.823744,37.643106
-32,55.826971,37.645430
-33,55.826386,37.647847
-34,55.820114,37.640379
-35,55.827102,37.647642
-36,55.824125,37.642327
-37,55.823632,37.642870
-38,55.822551,37.642456
-39,55.821690,37.641731
-40,55.825189,37.646441
-41,55.827234,37.645239
-42,55.826999,37.645322
-43,55.827231,37.645552
-44,55.826058,37.649594
-45,55.826861,37.648004
-46,55.827676,37.648939
-47,55.827482,37.647328
-48,55.827106,37.647414
-49,55.829110,37.649344
-50,55.824176,37.642437
-51,55.826866,37.645356
-52,55.819550,37.639847
-53,55.828903,37.649459
-54,55.824886,37.641067
-55,55.824046,37.642175
-56,55.823459,37.642506
-57,55.822944,37.641806
-58,55.822881,37.642807
-59,55.822502,37.642399
-60,55.821578,37.641611
-61,55.823922,37.645097
-62,55.824966,37.647036
-63,55.827155,37.645020
-64,55.827290,37.645040
-65,55.827099,37.645097
-66,55.827081,37.645063
-67,55.825621,37.650837
-68,55.825463,37.649091
-69,55.826883,37.647826
-70,55.827251,37.650210
-71,55.828704,37.649892
-72,55.828340,37.644453
-73,55.827000,37.647482
-74,55.829176,37.649155
-75,55.829644,37.649911
-76,55.824957,37.641198
-77,55.826470,37.644492
-78,55.819011,37.639397
-79,55.830440,37.651137
-80,55.824939,37.640980
-81,55.824644,37.640571
-82,55.823744,37.642037
-83,55.823123,37.643057
-84,55.823296,37.642138
-85,55.823740,37.640491
-86,55.822897,37.641727
-87,55.823205,37.641982
-88,55.822568,37.642274
-89,55.821044,37.641036
-90,55.821557,37.642522
-91,55.822938,37.648176
-92,55.824277,37.645087
-93,55.823163,37.644300
-94,55.825868,37.647957
-95,55.827118,37.644948
-96,55.827444,37.644527
-97,55.825428,37.651318
-98,55.826930,37.647656
-99,55.827155,37.650698
-100,55.829707,37.650903
-101,55.827981,37.643750
-102,55.828850,37.644946
-103,55.829355,37.648612
-104,55.818600,37.639160
-105,55.830736,37.651466
-106,55.824265,37.639665
-107,55.824993,37.640875
-108,55.824476,37.640238
-109,55.823380,37.642002
-110,55.824213,37.639748
-111,55.823637,37.640480
-112,55.822826,37.641571
-113,55.822378,37.642022
-114,55.821062,37.642024
-115,55.819742,37.639633
-116,55.821566,37.642975
-117,55.821782,37.642762
-118,55.826330,37.647252
-119,55.823311,37.644130
-120,55.822631,37.645968
-121,55.825819,37.642459
-122,55.827164,37.644804
-123,55.827591,37.644038
-124,55.827416,37.644132
-125,55.825299,37.651611
-126,55.826397,37.652708
-127,55.830232,37.651305
-128,55.827903,37.643639
-129,55.829063,37.644251
-130,55.830171,37.646223
-131,55.818064,37.638937
-132,55.831245,37.651671
-133,55.831269,37.652060
-134,55.823513,37.638195
-135,55.824329,37.639560
-136,55.825868,37.639481
-137,55.824162,37.639655
-138,55.823494,37.640465
-139,55.822773,37.641461
-140,55.822304,37.642046
-141,55.821068,37.642621
-142,55.820323,37.641248
-143,55.819281,37.639311
-144,55.821656,37.643148
-145,55.826997,37.647922
-146,55.820061,37.640611
-147,55.822701,37.646088
-148,55.822506,37.645933
-149,55.826253,37.641782
-150,55.827177,37.644762
-151,55.827696,37.643779
-152,55.827320,37.643863
-153,55.825249,37.651726
-154,55.825433,37.651774
-155,55.825229,37.651520
-156,55.826331,37.652882
-157,55.826306,37.652605
-158,55.826459,37.652779
-159,55.830504,37.651582
-160,55.828835,37.649750
-161,55.827801,37.643644
-162,55.827665,37.643164
-163,55.827892,37.643252
-164,55.829639,37.642377
-165,55.830370,37.645633
-166,55.817524,37.638748
-167,55.831354,37.651782
-168,55.832653,37.653516
-169,55.831202,37.651918
-170,55.822792,37.636787
-171,55.823470,37.638263
-172,55.823577,37.638091
-173,55.825192,37.638151
-174,55.826152,37.639904
-175,55.825658,37.639076
-176,55.824092,37.639513
-177,55.823358,37.640450
-178,55.822493,37.641516
-179,55.822256,37.642037
-180,55.821109,37.646767
-181,55.820248,37.641296
-182,55.819498,37.640384
-183,55.820260,37.641548
-184,55.819250,37.639289
-185,55.821651,37.643705
-186,55.819554,37.640164
-187,55.822727,37.646233
-188,55.822424,37.646002
-189,55.822516,37.645629
-190,55.826643,37.641165
-191,55.827501,37.643831
-192,55.824685,37.651165
-193,55.824912,37.652391
-194,55.825557,37.652055
-195,55.827410,37.654021
-196,55.825865,37.652384
-197,55.825791,37.654441
-198,55.827476,37.653911
-199,55.830705,37.652250
-200,55.831235,37.652381
-201,55.827844,37.642737
-202,55.827627,37.643552
-203,55.827156,37.642149
-204,55.827995,37.642930
-205,55.831061,37.642131
-206,55.830427,37.645700
-207,55.831586,37.642015
-208,55.815449,37.638311
-209,55.831261,37.651760
-210,55.831630,37.652068
-211,55.834012,37.654952
-212,55.831207,37.651812
-213,55.822483,37.636341
-214,55.822759,37.636827
-215,55.823549,37.638037
-216,55.823630,37.638007
-217,55.825396,37.638556
-218,55.824400,37.636553
-219,55.826687,37.640956
-220,55.825913,37.638652
-221,55.825514,37.639304
-222,55.822493,37.640318
-223,55.823423,37.639236
-224,55.822493,37.641396
-225,55.822232,37.642182
-226,55.822206,37.642019
-227,55.821113,37.647205
-228,55.821246,37.646932
-229,55.820170,37.641345
-230,55.820230,37.641388
-231,55.819275,37.640193
-232,55.820203,37.641512
-233,55.819959,37.642484
-234,55.819249,37.639112
-235,55.819238,37.639457
-236,55.818593,37.638911
-237,55.821642,37.644741
-238,55.822002,37.644094
-239,55.818976,37.639718
-240,55.822707,37.646409
-241,55.822362,37.646174
-242,55.822540,37.645488
-243,55.826730,37.641039
-244,55.822592,37.649080
-245,55.824645,37.651279
-246,55.824852,37.652569
-247,55.824901,37.653386
-248,55.827668,37.654305
-249,55.825346,37.653615
-250,55.825339,37.655315
-251,55.827668,37.653587
-252,55.831047,37.652932
-253,55.831081,37.652330
-254,55.832532,37.653752
-255,55.827380,37.641804
-256,55.827241,37.642018
-257,55.828087,37.642586
-258,55.832130,37.638777
-259,55.830511,37.645788
-260,55.831738,37.642182
-261,55.832236,37.640116
-262,55.813678,37.637974
-263,55.816716,37.638324
-264,55.832484,37.652836
-265,55.835699,37.656735
-266,55.822179,37.636127
-267,55.822472,37.636402
-268,55.822869,37.636727
-269,55.823997,37.637209
-270,55.825246,37.638808
-271,55.825679,37.638103
-272,55.824523,37.636191
-273,55.824309,37.636712
-274,55.825901,37.638173
-275,55.825026,37.640078
-276,55.822037,37.640251
-277,55.822410,37.640912
-278,55.823467,37.638449
-279,55.822093,37.639151
-280,55.822476,37.641287
-281,55.822064,37.643308
-282,55.822156,37.642107
-283,55.821233,37.647095
-284,55.821111,37.647748
-285,55.821405,37.646925
-286,55.820101,37.641388
-287,55.819988,37.641165
-288,55.820200,37.641384
-289,55.820281,37.641405
-290,55.819277,37.640387
-291,55.819156,37.640092
-292,55.819257,37.638581
-293,55.819418,37.639134
-294,55.819175,37.639860
-295,55.818463,37.638963
-296,55.818483,37.638833
-297,55.821621,37.646754
-298,55.822337,37.644396
-299,55.822093,37.643813
-300,55.818577,37.639448
-301,55.822640,37.646538
-302,55.822414,37.645618
-303,55.822374,37.646400
-304,55.822564,37.645255
-305,55.826798,37.640943
-306,55.822646,37.648970
-307,55.821591,37.648000
-308,55.824373,37.652048
-309,55.821595,37.648333
-310,55.825093,37.651727
-311,55.824381,37.653948
-312,55.823806,37.656587
-313,55.824951,37.654770
-314,55.825009,37.656507
-315,55.827807,37.653573
-316,55.830939,37.652566
-317,55.832204,37.654068
-318,55.830998,37.652355
-319,55.833907,37.655206
-320,55.829330,37.638344
-321,55.832282,37.637395
-322,55.833701,37.649202
-323,55.829434,37.648974
-324,55.830570,37.645607
-325,55.834857,37.645600
-326,55.831695,37.642301
-327,55.832162,37.640872
-328,55.832507,37.639526
-329,55.813702,37.637580
-330,55.811387,37.637498
-331,55.816692,37.638115
-332,55.817627,37.638556
-333,55.832518,37.652723
-334,55.833306,37.653708
-335,55.836055,37.657156
-336,55.821515,37.635873
-337,55.822172,37.636203
-338,55.822493,37.636127
-339,55.823017,37.635430
-340,55.824780,37.639588
-341,55.825272,37.634333
-342,55.823308,37.633842
-343,55.825208,37.637489
-344,55.823278,37.634593
-345,55.826189,37.637710
-346,55.822061,37.639701
-347,55.822385,37.641087
-348,55.822438,37.641176
-349,55.821964,37.643197
-350,55.822156,37.643408
-351,55.821941,37.641869
-352,55.821389,37.647102
-353,55.819689,37.647478
-354,55.821111,37.647981
-355,55.819817,37.641577
-356,55.819956,37.641134
-357,55.819961,37.641241
-358,55.820014,37.641094
-359,55.820036,37.641652
-360,55.819281,37.640753
-361,55.819240,37.640354
-362,55.819564,37.640727
-363,55.818991,37.640012
-364,55.819301,37.638058
-365,55.819443,37.639138
-366,55.819440,37.639245
-367,55.819419,37.638158
-368,55.818356,37.639611
-369,55.818563,37.638367
-370,55.818365,37.638779
-371,55.821606,37.647288
-372,55.821638,37.646751
-373,55.822439,37.644545
-374,55.821843,37.643547
-375,55.822272,37.643982
-376,55.818061,37.639216
-377,55.822555,37.646588
-378,55.822426,37.645392
-379,55.822445,37.646541
-380,55.822576,37.645107
-381,55.826826,37.640902
-382,55.826171,37.639658
-383,55.821571,37.648227
-384,55.824310,37.654157
-385,55.824002,37.656986
-386,55.824540,37.656111
-387,55.824926,37.656808
-388,55.828160,37.653798
-389,55.832189,37.654191
-390,55.832610,37.654469
-391,55.835670,37.657069
-392,55.829710,37.637966
-393,55.827430,37.640267
-394,55.832190,37.635321
-395,55.834073,37.647960
-396,55.829432,37.649159
-397,55.830925,37.644566
-398,55.835703,37.643145
-399,55.835249,37.645906
-400,55.832531,37.639766
-401,55.833189,37.637598
-402,55.813955,37.633677
-403,55.811406,37.637191
-404,55.811247,37.637474
-405,55.816721,37.637405
-406,55.816779,37.638118
-407,55.816609,37.638112
-408,55.818211,37.638573
-409,55.818099,37.638702
-410,55.833335,37.653892
-411,55.836174,37.657110
-412,55.836244,37.657396
-413,55.821544,37.635436
-414,55.821275,37.636109
-415,55.821266,37.635712
-416,55.821715,37.635660
-417,55.822010,37.636139
-418,55.822207,37.635897
-419,55.822826,37.635344
-420,55.822889,37.635068
-421,55.825255,37.634217
-422,55.825333,37.634130
-423,55.823343,37.633804
-424,55.823264,37.633749
-425,55.823070,37.634315
-426,55.823051,37.634564
-427,55.826454,37.637284
-428,55.825952,37.637239
-429,55.826371,37.638083
-430,55.820391,37.639349
-431,55.822316,37.641033
-432,55.821952,37.641829
-433,55.819741,37.646571
-434,55.818945,37.647333
-435,55.821110,37.649695
-436,55.821014,37.647947
-437,55.821302,37.648084
-438,55.819527,37.641354
-439,55.819781,37.640951
-440,55.819542,37.640795
-441,55.819587,37.640656
-442,55.819950,37.641793
-443,55.819351,37.641097
-444,55.819148,37.640272
-445,55.819578,37.640742
-446,55.818679,37.639860
-447,55.819938,37.639254
-448,55.819905,37.639619
-449,55.821356,37.636303
-450,55.818437,37.639805
-451,55.819955,37.637027
-452,55.818519,37.638173
-453,55.821649,37.645650
-454,55.822510,37.644746
-455,55.817541,37.639003
-456,55.822426,37.645199
-457,55.822546,37.644926
-458,55.827017,37.640672
-459,55.826397,37.639275
-460,55.821437,37.649750
-461,55.823760,37.655772
-462,55.824616,37.659127
-463,55.828278,37.653852
-464,55.832201,37.654878
-465,55.832705,37.654523
-466,55.836161,37.657713
-467,55.830455,37.637771
-468,55.828641,37.636527
-469,55.832068,37.631818
-470,55.832319,37.635316
-471,55.831330,37.635452
-472,55.830440,37.650220
-473,55.835745,37.643017
-474,55.836332,37.643874
-475,55.835332,37.645906
-476,55.833372,37.637104
-477,55.813086,37.631732
-478,55.814932,37.632710
-479,55.811377,37.635692
-480,55.810047,37.637289
-481,55.816591,37.636959
-482,55.818206,37.638436
-483,55.816549,37.638180
-484,55.817868,37.639665
-485,55.833284,37.654078
-486,55.836215,37.657019
-487,55.836412,37.657186
-488,55.836554,37.657783
-489,55.821854,37.635208
-490,55.821526,37.635300
-491,55.821165,37.635822
-492,55.821266,37.635555
-493,55.822047,37.635385
-494,55.821681,37.636129
-495,55.822007,37.636200
-496,55.822640,37.635269
-497,55.822922,37.634805
-498,55.825072,37.633833
-499,55.826506,37.631192
-500,55.823411,37.633647
-501,55.823168,37.633907
-502,55.823491,37.633018
-503,55.822888,37.634659
-504,55.822921,37.634224
-505,55.826680,37.637737
-506,55.826255,37.636886
-507,55.825798,37.637115
-508,55.826463,37.638324
-509,55.820336,37.639852
-510,55.822242,37.641009
-511,55.820283,37.640030
-512,55.822006,37.641616
-513,55.818938,37.647551
-514,55.818155,37.647186
-515,55.821194,37.649816
-516,55.821110,37.650093
-517,55.819960,37.647739
-518,55.819763,37.640931
-519,55.819609,37.642773
-520,55.819104,37.641391
-521,55.818959,37.640172
-522,55.819743,37.640910
-523,55.819918,37.639500
-524,55.819934,37.638597
-525,55.820083,37.639814
-526,55.821448,37.636215
-527,55.818369,37.639788
-528,55.821065,37.635932
-529,55.819903,37.636809
-530,55.818346,37.637414
-531,55.818445,37.638238
-532,55.821656,37.644884
-533,55.821733,37.645639
-534,55.815273,37.638609
-535,55.822408,37.645028
-536,55.826483,37.638927
-537,55.821417,37.649949
-538,55.821289,37.649824
-539,55.823192,37.657612
-540,55.824249,37.662088
-541,55.828444,37.653975
-542,55.828384,37.653799
-543,55.832202,37.655440
-544,55.832796,37.654515
-545,55.836092,37.657883
-546,55.838986,37.661366
-547,55.830672,37.636972
-548,55.829825,37.635701
-549,55.828480,37.636665
-550,55.828530,37.636276
-551,55.832828,37.630816
-552,55.832434,37.635109
-553,55.830668,37.635554
-554,55.831228,37.632327
-555,55.831063,37.650957
-556,55.837346,37.638140
-557,55.836370,37.643739
-558,55.836573,37.644066
-559,55.835386,37.645876
-560,55.833511,37.636954
-561,55.814061,37.630477
-562,55.810398,37.631277
-563,55.815975,37.631302
-564,55.811084,37.635645
-565,55.810067,37.636890
-566,55.808490,37.637149
-567,55.816276,37.638185
-568,55.817097,37.639500
-569,55.832872,37.654478
-570,55.836202,37.656771
-571,55.836472,37.657118
-572,55.840123,37.662462
-573,55.822098,37.635004
-574,55.821481,37.634968
-575,55.822047,37.634882
-576,55.821145,37.635764
-577,55.821268,37.634603
-578,55.821140,37.635669
-579,55.822181,37.635272
-580,55.821965,37.636966
-581,55.822435,37.635250
-582,55.825028,37.633772
-583,55.826556,37.630548
-584,55.823456,37.633527
-585,55.823556,37.633051
-586,55.823583,37.632723
-587,55.822206,37.635251
-588,55.822721,37.634481
-589,55.827948,37.635638
-590,55.826797,37.637986
-591,55.827526,37.634792
-592,55.826113,37.636631
-593,55.825638,37.637096
-594,55.826500,37.638590
-595,55.822170,37.641028
-596,55.820260,37.640004
-597,55.821988,37.641491
-598,55.818865,37.647537
-599,55.818813,37.650038
-600,55.817992,37.647155
-601,55.818450,37.646043
-602,55.821183,37.650009
-603,55.821107,37.653448
-604,55.819957,37.647803
-605,55.820100,37.639832
-606,55.819334,37.643516
-607,55.819559,37.642710
-608,55.819829,37.642968
-609,55.818854,37.641705
-610,55.819052,37.641621
-611,55.818968,37.640801
-612,55.819203,37.641891
-613,55.818764,37.640068
-614,55.818835,37.640324
-615,55.820065,37.638053
-616,55.818346,37.639934
-617,55.821074,37.635729
-618,55.818407,37.630561
-619,55.821667,37.644598
-620,55.821890,37.645661
-621,55.816582,37.639068
-622,55.815102,37.638574
-623,55.822378,37.644834
-624,55.821414,37.650122
-625,55.822984,37.658266
-626,55.824128,37.663686
-627,55.828573,37.654153
-628,55.828758,37.653398
-629,55.832203,37.655647
-630,55.832088,37.655441
-631,55.832322,37.655439
-632,55.836225,37.658060
-633,55.835975,37.658174
-634,55.839020,37.661819
-635,55.840057,37.662683
-636,55.830618,37.635561
-637,55.830071,37.635645
-638,55.828052,37.635834
-639,55.828083,37.637057
-640,55.829527,37.634616
-641,55.828356,37.635958
-642,55.832964,37.630323
-643,55.832762,37.634205
-644,55.830482,37.633046
-645,55.830806,37.631445
-646,55.831339,37.651206
-647,55.837083,37.637875
-648,55.837600,37.637367
-649,55.836973,37.644405
-650,55.835944,37.645279
-651,55.836970,37.636799
-652,55.811954,37.625028
-653,55.810319,37.632613
-654,55.810533,37.629084
-655,55.815035,37.628998
-656,55.816523,37.630518
-657,55.811021,37.636611
-658,55.810528,37.635522
-659,55.810101,37.636307
-660,55.808435,37.636676
-661,55.804538,37.636367
-662,55.816188,37.638180
-663,55.835374,37.655893
-664,55.836683,37.656745
-665,55.840363,37.662784
-666,55.822080,37.634950
-667,55.821502,37.632863
-668,55.822075,37.634863
-669,55.821274,37.632863
-670,55.821196,37.634805
-671,55.822197,37.635320
-672,55.821443,37.636815
-673,55.824973,37.633747
-674,55.826675,37.630537
-675,55.826090,37.630590
-676,55.823507,37.633417
-677,55.823672,37.633110
-678,55.823683,37.633217
-679,55.823679,37.631745
-680,55.827050,37.638522
-681,55.827427,37.634600
-682,55.825855,37.636143
-683,55.825432,37.637151
-684,55.822090,37.641100
-685,55.820118,37.639851
-686,55.821996,37.641357
-687,55.818401,37.647444
-688,55.818806,37.650176
-689,55.819490,37.650154
-690,55.817986,37.647362
-691,55.817916,37.647140
-692,55.819198,37.643859
-693,55.821272,37.650018
-694,55.820020,37.653390
-695,55.821199,37.657626
-696,55.819335,37.643082
-697,55.819260,37.642466
-698,55.818697,37.641893
-699,55.818729,37.641301
-700,55.818987,37.642096
-701,55.819011,37.641852
-702,55.818394,37.639946
-703,55.818658,37.640552
-704,55.820301,37.637794
-705,55.818272,37.639916
-706,55.818320,37.640106
-707,55.821105,37.635027
-708,55.818706,37.630567
-709,55.821709,37.644438
-710,55.821954,37.645679
-711,55.816565,37.639290
-712,55.813676,37.638283
-713,55.815082,37.639067
-714,55.822324,37.644652
-715,55.821357,37.657607
-716,55.822871,37.658618
-717,55.824114,37.663831
-718,55.823568,37.663224
-719,55.828834,37.654589
-720,55.828867,37.653285
-721,55.832250,37.655632
-722,55.832160,37.655632
-723,55.831833,37.656520
-724,55.832250,37.655866
-725,55.832097,37.655519
-726,55.832087,37.655319
-727,55.831902,37.655473
-728,55.832325,37.655353
-729,55.832313,37.655519
-730,55.837379,37.659597
-731,55.834915,37.656784
-732,55.835880,37.658420
-733,55.840152,37.663316
-734,55.841269,37.664206
-735,55.828178,37.635619
-736,55.827749,37.638695
-737,55.828024,37.637116
-738,55.829340,37.634245
-739,55.833567,37.629328
-740,55.833229,37.633276
-741,55.830294,37.633394
-742,55.830687,37.632667
-743,55.830339,37.632759
-744,55.830726,37.631568
-745,55.831845,37.629856
-746,55.831699,37.651574
-747,55.837576,37.637040
-748,55.837744,37.636932
-749,55.837354,37.644857
-750,55.835990,37.645257
-751,55.836965,37.636413
-752,55.836973,37.637029
-753,55.837438,37.636774
-754,55.811904,37.624831
-755,55.810153,37.635438
-756,55.810703,37.632678
-757,55.810488,37.628755
-758,55.810654,37.627372
-759,55.814121,37.626757
-760,55.815987,37.627780
-761,55.817339,37.629381
-762,55.810416,37.636496
-763,55.810493,37.635978
-764,55.810230,37.636341
-765,55.808228,37.636890
-766,55.804844,37.635954
-767,55.802303,37.635942
-768,55.816158,37.638177
-769,55.835487,37.655529
-770,55.833776,37.654201
-771,55.836868,37.656436
-772,55.836754,37.656843
-773,55.841916,37.658363
-774,55.841347,37.664022
-775,55.821393,37.632781
-776,55.821506,37.632471
-777,55.821277,37.632505
-778,55.821278,37.636823
-779,55.824927,37.633750
-780,55.827467,37.630852
-781,55.825274,37.630445
-782,55.823584,37.633342
-783,55.823980,37.633196
-784,55.823792,37.632568
-785,55.823815,37.633300
-786,55.823704,37.631254
-787,55.826969,37.638638
-788,55.826988,37.633740
-789,55.827558,37.634397
-790,55.826786,37.634421
-791,55.825605,37.636361
-792,55.825280,37.637345
-793,55.822030,37.641214
-794,55.818362,37.648569
-795,55.819492,37.650760
-796,55.817901,37.650312
-797,55.817909,37.647345
-798,55.816556,37.646873
-799,55.817920,37.647014
-800,55.819854,37.653528
-801,55.821253,37.657718
-802,55.821205,37.657929
-803,55.819103,37.642334
-804,55.818512,37.642091
-805,55.818946,37.642320
-806,55.818574,37.641703
-807,55.818660,37.641159
-808,55.818512,37.640839
-809,55.820691,37.637409
-810,55.817947,37.642708
-811,55.817090,37.639694
-812,55.818361,37.640560
-813,55.818210,37.640819
-814,55.821101,37.630609
-815,55.820171,37.630600
-816,55.818688,37.629798
-817,55.821787,37.644320
-818,55.816547,37.639563
-819,55.816479,37.639240
-820,55.816650,37.639339
-821,55.813657,37.638670
-822,55.812423,37.638025
-823,55.813736,37.638797
-824,55.815874,37.639226
-825,55.815073,37.639283
-826,55.822246,37.644480
-827,55.821355,37.657926
-828,55.821309,37.657722
-829,55.822303,37.660372
-830,55.823989,37.664277
-831,55.822646,37.665599
-832,55.828854,37.654623
-833,55.829043,37.653378
-834,55.832288,37.655587
-835,55.832122,37.655587
-836,55.831474,37.655744
-837,55.831935,37.656833
-838,55.832297,37.656054
-839,55.831990,37.655288
-840,55.832164,37.655340
-841,55.831766,37.655497
-842,55.832223,37.655342
-843,55.832556,37.655317
-844,55.837716,37.660026
-845,55.837240,37.659951
-846,55.833238,37.655062
-847,55.834805,37.657134
-848,55.835852,37.658492
-849,55.836138,37.658755
-850,55.840210,37.663452
-851,55.841633,37.664691
-852,55.829562,37.633246
-853,55.827600,37.639029
-854,55.829686,37.633669
-855,55.832960,37.628151
-856,55.834530,37.631195
-857,55.835698,37.625838
-858,55.829928,37.633320
-859,55.830708,37.632061
-860,55.830215,37.632962
-861,55.830475,37.632535
-862,55.830145,37.632374
-863,55.830537,37.631205
-864,55.831640,37.629438
-865,55.832062,37.651929
-866,55.837535,37.636931
-867,55.837805,37.636743
-868,55.838023,37.636907
-869,55.837567,37.636923
-870,55.837665,37.645524
-871,55.837213,37.644810
-872,55.836050,37.645247
-873,55.837565,37.636763
-874,55.811814,37.624967
-875,55.812768,37.623674
-876,55.811874,37.624553
-877,55.810720,37.632467
-878,55.810690,37.632931
-879,55.810386,37.628378
-880,55.810329,37.628043
-881,55.813831,37.626047
-882,55.814639,37.626097
-883,55.816255,37.627694
-884,55.816579,37.627675
-885,55.810423,37.636393
-886,55.810454,37.635993
-887,55.810377,37.636381
-888,55.807766,37.636790
-889,55.804854,37.634559
-890,55.805570,37.636315
-891,55.804036,37.635830
-892,55.801601,37.635816
-893,55.802601,37.635786
-894,55.816115,37.639020
-895,55.816131,37.638175
-896,55.836085,37.653618
-897,55.836560,37.656731
-898,55.834007,37.653880
-899,55.833632,37.654224
-900,55.836933,37.656540
-901,55.837230,37.655799
-902,55.836577,37.657144
-903,55.837654,37.658110
-904,55.842152,37.657365
-905,55.841687,37.664475
-906,55.821397,37.632588
-907,55.821522,37.630766
-908,55.821295,37.630616
-909,55.821166,37.636857
-910,55.824860,37.633828
-911,55.824980,37.633042
-912,55.828054,37.630844
-913,55.827513,37.632025
-914,55.827376,37.628097
-915,55.825539,37.626409
-916,55.823757,37.630132
-917,55.825127,37.631528
-918,55.823642,37.633324
-919,55.824192,37.633221
-920,55.823810,37.632224
-921,55.823918,37.633415
-922,55.824945,37.631443
-923,55.823718,37.630972
-924,55.826921,37.638801
-925,55.827071,37.633447
-926,55.829023,37.632129
-927,55.825714,37.634887
-928,55.825411,37.636398
-929,55.818347,37.650199
-930,55.818151,37.648146
-931,55.819473,37.651294
-932,55.817836,37.652579
-933,55.817828,37.650314
-934,55.816541,37.647048
-935,55.816511,37.646868
-936,55.816561,37.646740
-937,55.819376,37.653544
-938,55.821245,37.657806
-939,55.821194,37.658987
-940,55.819023,37.642387
-941,55.818224,37.642455
-942,55.818440,37.642473
-943,55.818916,37.642464
-944,55.818417,37.641378
-945,55.818606,37.641495
-946,55.818334,37.641145
-947,55.820799,37.637200
-948,55.817913,37.643003
-949,55.817990,37.642690
-950,55.816951,37.639671
-951,55.818200,37.640902
-952,55.819348,37.628837
-953,55.821902,37.644266
-954,55.816516,37.640113
-955,55.816460,37.639549
-956,55.816633,37.639578
-957,55.816332,37.639172
-958,55.816758,37.639427
-959,55.813587,37.640085
-960,55.813740,37.638686
-961,55.813554,37.638655
-962,55.812312,37.637998
-963,55.812407,37.638272
-964,55.813727,37.639023
-965,55.815866,37.639437
-966,55.815883,37.639041
-967,55.816324,37.639303
-968,55.815070,37.639367
-969,55.822149,37.644362
-970,55.821344,37.659262
-971,55.821303,37.657803
-972,55.821976,37.661382
-973,55.822679,37.666102
-974,55.822159,37.665142
-975,55.822548,37.665894
-976,55.828807,37.654711
-977,55.828898,37.654540
-978,55.828874,37.654654
-979,55.829967,37.653092
-980,55.831211,37.655084
-981,55.831617,37.655594
-982,55.831136,37.656065
-983,55.831966,37.656999
-984,55.832343,37.656395
-985,55.831846,37.655200
-986,55.832691,37.655259
-987,55.837578,37.660380
-988,55.838523,37.661176
-989,55.837162,37.659985
-990,55.833400,37.654506
-991,55.833169,37.656132
-992,55.834668,37.657336
-993,55.834460,37.661682
-994,55.836087,37.658921
-995,55.840227,37.663649
-996,55.840233,37.663340
-997,55.842283,37.665629
-998,55.829344,37.632799
-999,55.827259,37.639513
-1000,55.832783,37.627807
-1001,55.836543,37.627980
-1002,55.834790,37.624013
-1003,55.836102,37.626650
-1004,55.836759,37.624093
-1005,55.829939,37.632903
-1006,55.830464,37.632058
-1007,55.830067,37.632502
-1008,55.830233,37.632230
-1009,55.830418,37.630978
-1010,55.832727,37.627699
-1011,55.831324,37.628791
-1012,55.832279,37.652196
-1013,55.837872,37.636486
-1014,55.838022,37.636720
-1015,55.840021,37.636640
-1016,55.837925,37.645863
-1017,55.837064,37.644863
-1018,55.836483,37.645606
-1019,55.837565,37.636590
-1020,55.812830,37.623592
-1021,55.812016,37.619579
-1022,55.811214,37.633064
-1023,55.810283,37.628273
-1024,55.810167,37.628278
-1025,55.813195,37.624487
-1026,55.814811,37.624778
-1027,55.814840,37.625820
-1028,55.815280,37.627579
-1029,55.816350,37.627550
-1030,55.816474,37.627443
-1031,55.817787,37.625732
-1032,55.807287,37.636687
-1033,55.804860,37.634046
-1034,55.804447,37.634509
-1035,55.806663,37.636552
-1036,55.804055,37.635097
-1037,55.803141,37.635669
-1038,55.801378,37.635344
-1039,55.801302,37.635763
-1040,55.802094,37.635480
-1041,55.802779,37.635817
-1042,55.816089,37.639015
-1043,55.816139,37.639034
-1044,55.816018,37.638167
-1045,55.836293,37.653657
-1046,55.836272,37.653094
-1047,55.837089,37.655812
-1048,55.833886,37.653911
-1049,55.834377,37.653787
-1050,55.833945,37.653810
-1051,55.837666,37.657582
-1052,55.837343,37.655826
-1053,55.837285,37.655708
-1054,55.836587,37.657285
-1055,55.837780,37.657828
-1056,55.838235,37.658904
-1057,55.842923,37.654464
-1058,55.845363,37.669325
-1059,55.842259,37.664934
-1060,55.821701,37.630785
-1061,55.821526,37.629360
-1062,55.821307,37.629364
-1063,55.824771,37.633848
-1064,55.824752,37.633144
-1065,55.825033,37.632963
-1066,55.829016,37.630871
-1067,55.828035,37.630015
-1068,55.827444,37.627859
-1069,55.825568,37.626053
-1070,55.822198,37.629983
-1071,55.823919,37.627017
-1072,55.825132,37.631608
-1073,55.825071,37.631455
-1074,55.823697,37.633362
-1075,55.824482,37.633213
-1076,55.824032,37.633537
-1077,55.822165,37.630834
-1078,55.826883,37.639007
-1079,55.829020,37.631586
-1080,55.829268,37.632637
-1081,55.825253,37.635771
-1082,55.825284,37.636280
-1083,55.818573,37.651576
-1084,55.818114,37.650225
-1085,55.818025,37.647788
-1086,55.818139,37.649030
-1087,55.819471,37.651501
-1088,55.817823,37.653044
-1089,55.817772,37.652580
-1090,55.817477,37.650328
-1091,55.816497,37.647039
-1092,55.816444,37.648678
-1093,55.816295,37.646828
-1094,55.816521,37.646735
-1095,55.819383,37.653385
-1096,55.819368,37.653729
-1097,55.821178,37.660422
-1098,55.821022,37.658916
-1099,55.818180,37.642566
-1100,55.818342,37.643208
-1101,55.818813,37.642598
-1102,55.818293,37.641270
-1103,55.817586,37.643027
-1104,55.818159,37.642602
-1105,55.817942,37.643075
-1106,55.818111,37.641620
-1107,55.816899,37.639609
-1108,55.818418,37.626845
-1109,55.822041,37.644298
-1110,55.816440,37.641484
-1111,55.816601,37.640127
-1112,55.816311,37.639521
-1113,55.816313,37.642321
-1114,55.816283,37.639143
-1115,55.813530,37.641239
-1116,55.813486,37.640067
-1117,55.813286,37.638599
-1118,55.813563,37.638448
-1119,55.811269,37.637771
-1120,55.812297,37.638250
-1121,55.812397,37.638440
-1122,55.813295,37.638429
-1123,55.813606,37.641258
-1124,55.816112,37.639079
-1125,55.815061,37.639576
-1126,55.821328,37.661572
-1127,55.821757,37.662109
-1128,55.822658,37.666131
-1129,55.822600,37.666086
-1130,55.821687,37.664700
-1131,55.821942,37.665877
-1132,55.822395,37.666290
-1133,55.822554,37.665994
-1134,55.828762,37.654832
-1135,55.828905,37.654528
-1136,55.828917,37.654718
-1137,55.829974,37.653219
-1138,55.830486,37.652964
-1139,55.831204,37.655065
-1140,55.831133,37.655120
-1141,55.831298,37.654949
-1142,55.831146,37.656113
-1143,55.831117,37.656027
-1144,55.832173,37.657189
-1145,55.831142,37.656195
-1146,55.832017,37.657643
-1147,55.832350,37.656819
-1148,55.831607,37.655014
-1149,55.832814,37.655178
-1150,55.837281,37.661248
-1151,55.836859,37.659753
-1152,55.833128,37.656314
-1153,55.834230,37.656804
-1154,55.834137,37.657447
-1155,55.833277,37.660255
-1156,55.835223,37.662789
-1157,55.834391,37.661867
-1158,55.836252,37.659168
-1159,55.835728,37.659737
-1160,55.839427,37.666165
-1161,55.840282,37.663289
-1162,55.843361,37.667584
-1163,55.843604,37.667393
-1164,55.829487,37.632551
-1165,55.827148,37.639530
-1166,55.833107,37.627232
-1167,55.837618,37.630081
-1168,55.836679,37.627760
-1169,55.834923,37.623626
-1170,55.834548,37.624257
-1171,55.834702,37.623839
-1172,55.836783,37.622705
-1173,55.829640,37.632839
-1174,55.829951,37.632483
-1175,55.830450,37.631479
-1176,55.830232,37.632056
-1177,55.830383,37.630910
-1178,55.830299,37.631193
-1179,55.832387,37.627041
-1180,55.830222,37.630603
-1181,55.831119,37.628372
-1182,55.832394,37.652300
-1183,55.837983,37.636075
-1184,55.837752,37.636484
-1185,55.838021,37.636479
-1186,55.838404,37.636677
-1187,55.840209,37.636627
-1188,55.838166,37.646315
-1189,55.836926,37.645030
-1190,55.836561,37.645624
-1191,55.837688,37.636581
-1192,55.812768,37.623229
-1193,55.812021,37.619400
-1194,55.810071,37.628401
-1195,55.814295,37.623143
-1196,55.814916,37.624434
-1197,55.815758,37.627005
-1198,55.816331,37.627340
-1199,55.815917,37.626232
-1200,55.817021,37.623927
-1201,55.818233,37.626803
-1202,55.807302,37.636500
-1203,55.805938,37.634236
-1204,55.804099,37.633916
-1205,55.805079,37.631275
-1206,55.804429,37.635148
-1207,55.806698,37.636225
-1208,55.803190,37.634842
-1209,55.801637,37.635424
-1210,55.800767,37.634921
-1211,55.800530,37.635587
-1212,55.804132,37.636052
-1213,55.815974,37.638991
-1214,55.816242,37.639095
-1215,55.836475,37.653811
-1216,55.836606,37.653418
-1217,55.837948,37.654320
-1218,55.836738,37.655214
-1219,55.833693,37.654075
-1220,55.834577,37.653606
-1221,55.833866,37.653732
-1222,55.837643,37.657636
-1223,55.837490,37.656114
-1224,55.837821,37.654993
-1225,55.837736,37.654881
-1226,55.836623,37.657334
-1227,55.837817,37.657760
-1228,55.838531,37.659275
-1229,55.838386,37.658514
-1230,55.843290,37.654152
-1231,55.849413,37.674664
-1232,55.843283,37.666238
-1233,55.821908,37.630806
-1234,55.821751,37.630704
-1235,55.821417,37.629263
-1236,55.821531,37.628840
-1237,55.821317,37.628855
-1238,55.824705,37.633790
-1239,55.825077,37.632872
-1240,55.829211,37.630510
-1241,55.828978,37.628437
-1242,55.828130,37.626722
-1243,55.825707,37.626064
-1244,55.821651,37.629845
-1245,55.823977,37.625900
-1246,55.823493,37.627017
-1247,55.825128,37.632120
-1248,55.823897,37.633710
-1249,55.824182,37.633585
-1250,55.826912,37.639221
-1251,55.829257,37.631576
-1252,55.829405,37.632396
-1253,55.825243,37.636043
-1254,55.818573,37.653310
-1255,55.818108,37.649501
-1256,55.818069,37.650801
-1257,55.819457,37.652496
-1258,55.818857,37.651473
-1259,55.817780,37.654556
-1260,55.817760,37.653043
-1261,55.818072,37.653111
-1262,55.817068,37.652578
-1263,55.817478,37.650124
-1264,55.817474,37.651019
-1265,55.816403,37.648671
-1266,55.816289,37.646994
-1267,55.816482,37.648685
-1268,55.816362,37.650126
-1269,55.816195,37.646813
-1270,55.816303,37.646686
-1271,55.816565,37.646157
-1272,55.819397,37.653048
-1273,55.818821,37.653413
-1274,55.820943,37.660204
-1275,55.821183,37.661570
-1276,55.819991,37.657749
-1277,55.818178,37.642364
-1278,55.818588,37.642882
-1279,55.818220,37.642004
-1280,55.817333,37.643299
-1281,55.817607,37.643110
-1282,55.818341,37.626820
-1283,55.816393,37.642330
-1284,55.816594,37.641510
-1285,55.816669,37.640138
-1286,55.816246,37.643662
-1287,55.816027,37.642289
-1288,55.816236,37.639152
-1289,55.813518,37.641484
-1290,55.813418,37.641463
-1291,55.813431,37.640057
-1292,55.813501,37.638432
-1293,55.811257,37.638020
-1294,55.810027,37.637574
-1295,55.812284,37.638420
-1296,55.812329,37.639503
-1297,55.813392,37.638454
-1298,55.813297,37.638387
-1299,55.813594,37.641496
-1300,55.813656,37.641262
-1301,55.815048,37.639890
-1302,55.821327,37.661734
-1303,55.821284,37.661626
-1304,55.821652,37.662121
-1305,55.821724,37.662220
-1306,55.822318,37.666491
-1307,55.821494,37.664519
-1308,55.821200,37.666460
-1309,55.821794,37.666378
-1310,55.828720,37.655083
-1311,55.829012,37.654595
-1312,55.828972,37.654802
-1313,55.830000,37.653692
-1314,55.830796,37.652843
-1315,55.831056,37.655125
-1316,55.831366,37.654756
-1317,55.831076,37.655998
-1318,55.832572,37.657553
-1319,55.832101,37.657400
-1320,55.831124,37.656244
-1321,55.832165,37.658787
-1322,55.831942,37.657858
-1323,55.833073,37.655185
-1324,55.832642,37.657341
-1325,55.833018,37.654963
-1326,55.837267,37.661290
-1327,55.836912,37.661009
-1328,55.836620,37.659650
-1329,55.832737,37.657495
-1330,55.833312,37.656789
-1331,55.834109,37.657169
-1332,55.833965,37.657638
-1333,55.832238,37.659001
-1334,55.833432,37.659820
-1335,55.834526,37.664241
-1336,55.836954,37.665378
-1337,55.833978,37.662988
-1338,55.838792,37.668206
-1339,55.840387,37.663356
-1340,55.843536,37.667870
-1341,55.845256,37.669607
-1342,55.829651,37.632268
-1343,55.827051,37.639479
-1344,55.832492,37.626105
-1345,55.838014,37.630862
-1346,55.838297,37.628927
-1347,55.837301,37.626812
-1348,55.834944,37.623118
-1349,55.834285,37.624256
-1350,55.834600,37.623639
-1351,55.836371,37.622678
-1352,55.837899,37.622772
-1353,55.829746,37.632449
-1354,55.830229,37.631653
-1355,55.830349,37.630847
-1356,55.830232,37.631067
-1357,55.830140,37.631481
-1358,55.832174,37.626628
-1359,55.830012,37.630201
-1360,55.832546,37.652419
-1361,55.838195,37.636396
-1362,55.838392,37.634513
-1363,55.839115,37.636580
-1364,55.840269,37.636625
-1365,55.840247,37.636906
-1366,55.838375,37.646518
-1367,55.836778,37.645322
-1368,55.836627,37.645599
-1369,55.812750,37.622894
-1370,55.812046,37.618634
-1371,55.812826,37.619845
-1372,55.811504,37.619076
-1373,55.809802,37.628820
-1374,55.814477,37.622799
-1375,55.814467,37.623334
-1376,55.815247,37.624110
-1377,55.815853,37.626719
-1378,55.815997,37.626585
-1379,55.815328,37.624537
-1380,55.816822,37.623131
-1381,55.818240,37.626804
-1382,55.807317,37.636318
-1383,55.807760,37.636564
-1384,55.806824,37.634376
-1385,55.806150,37.631258
-1386,55.803254,37.633773
-1387,55.804167,37.632942
-1388,55.804077,37.634267
-1389,55.804288,37.631181
-1390,55.800446,37.634588
-1391,55.800968,37.635139
-1392,55.799829,37.635427
-1393,55.800757,37.635583
-1394,55.804396,37.636158
-1395,55.838034,37.654170
-1396,55.837864,37.654128
-1397,55.838023,37.654414
-1398,55.836612,37.654998
-1399,55.836773,37.654772
-1400,55.833402,37.654449
-1401,55.836467,37.651289
-1402,55.833732,37.653598
-1403,55.837739,37.656413
-1404,55.837418,37.656597
-1405,55.837648,37.656466
-1406,55.837870,37.655094
-1407,55.838081,37.654517
-1408,55.836671,37.657387
-1409,55.836316,37.658052
-1410,55.837848,37.657695
-1411,55.838671,37.658964
-1412,55.838412,37.658448
-1413,55.844350,37.649926
-1414,55.850149,37.675641
-1415,55.848811,37.673530
-1416,55.843376,37.665970
-1417,55.845193,37.668644
-1418,55.821879,37.630714
-1419,55.821423,37.628947
-1420,55.821570,37.624068
-1421,55.821380,37.622227
-1422,55.824655,37.633765
-1423,55.825117,37.632673
-1424,55.829367,37.630258
-1425,55.829381,37.630849
-1426,55.829234,37.628956
-1427,55.830208,37.623283
-1428,55.825753,37.625152
-1429,55.825128,37.625995
-1430,55.825915,37.626095
-1431,55.823980,37.625847
-1432,55.823489,37.626575
-1433,55.825132,37.632468
-1434,55.823917,37.633745
-1435,55.824255,37.633597
-1436,55.826979,37.639384
-1437,55.829241,37.631077
-1438,55.829276,37.632151
-1439,55.829481,37.631568
-1440,55.829568,37.632108
-1441,55.818573,37.653658
-1442,55.818292,37.653330
-1443,55.818631,37.653351
-1444,55.818073,37.651290
-1445,55.819459,37.652542
-1446,55.817773,37.654810
-1447,55.817722,37.654553
-1448,55.817836,37.654556
-1449,55.817299,37.653039
-1450,55.818070,37.652623
-1451,55.818048,37.653221
-1452,55.817068,37.653026
-1453,55.817067,37.652007
-1454,55.816816,37.652578
-1455,55.816613,37.651009
-1456,55.816319,37.650120
-1457,55.816211,37.648640
-1458,55.816187,37.646976
-1459,55.816613,37.650160
-1460,55.816202,37.646665
-1461,55.816108,37.646796
-1462,55.816335,37.646121
-1463,55.816618,37.645116
-1464,55.816431,37.646136
-1465,55.819608,37.652968
-1466,55.818734,37.653499
-1467,55.819960,37.659125
-1468,55.820932,37.662165
-1469,55.821234,37.661620
-1470,55.821186,37.661748
-1471,55.820031,37.655854
-1472,55.817208,37.643383
-1473,55.817354,37.643380
-1474,55.816330,37.643667
-1475,55.816474,37.643672
-1476,55.816662,37.641522
-1477,55.816784,37.640158
-1478,55.816115,37.646648
-1479,55.816193,37.643657
-1480,55.815872,37.642716
-1481,55.815308,37.642208
-1482,55.813507,37.641693
-1483,55.813412,37.641678
-1484,55.813214,37.640020
-1485,55.813393,37.638374
-1486,55.811248,37.638234
-1487,55.810411,37.637910
-1488,55.809994,37.638007
-1489,55.808497,37.637444
-1490,55.812248,37.639007
-1491,55.812696,37.639563
-1492,55.812219,37.639482
-1493,55.813131,37.638363
-1494,55.813587,37.641705
-1495,55.813882,37.641306
-1496,55.816154,37.640089
-1497,55.813979,37.639697
-1498,55.821322,37.662220
-1499,55.821281,37.661690
-1500,55.821458,37.662070
-1501,55.821595,37.662644
-1502,55.822215,37.666751
-1503,55.821441,37.664163
-1504,55.821650,37.666863
-1505,55.828677,37.655211
-1506,55.829019,37.654873
-1507,55.829029,37.654405
-1508,55.830055,37.654510
-1509,55.830002,37.653718
-1510,55.830981,37.655098
-1511,55.830711,37.654047
-1512,55.831026,37.656016
-1513,55.832682,37.657663
-1514,55.831089,37.656281
-1515,55.832268,37.658911
-1516,55.832059,37.658668
-1517,55.831772,37.658347
-1518,55.833124,37.655051
-1519,55.833189,37.654777
-1520,55.837554,37.661453
-1521,55.837173,37.661756
-1522,55.836843,37.661448
-1523,55.833880,37.657426
-1524,55.833187,37.657179
-1525,55.834001,37.657072
-1526,55.833413,37.659217
-1527,55.831754,37.660513
-1528,55.834210,37.664987
-1529,55.833379,37.664600
-1530,55.838586,37.669005
-1531,55.840542,37.663564
-1532,55.844066,37.668598
-1533,55.844924,37.669323
-1534,55.849278,37.674956
-1535,55.833812,37.623927
-1536,55.838358,37.631530
-1537,55.838519,37.629908
-1538,55.838519,37.629399
-1539,55.837392,37.626641
-1540,55.834949,37.623084
-1541,55.834858,37.623114
-1542,55.834275,37.624259
-1543,55.834291,37.624065
-1544,55.834519,37.623480
-1545,55.834680,37.623461
-1546,55.834578,37.623689
-1547,55.836148,37.622777
-1548,55.838012,37.618891
-1549,55.837857,37.624709
-1550,55.830086,37.630790
-1551,55.830076,37.631358
-1552,55.830104,37.631414
-1553,55.829780,37.630222
-1554,55.838423,37.634362
-1555,55.838508,37.634586
-1556,55.839087,37.635372
-1557,55.839686,37.636502
-1558,55.840404,37.636615
-1559,55.840111,37.638070
-1560,55.839257,37.643897
-1561,55.838293,37.647038
-1562,55.836672,37.645524
-1563,55.812820,37.620110
-1564,55.811678,37.618677
-1565,55.812839,37.618544
-1566,55.812890,37.619853
-1567,55.811336,37.618971
-1568,55.811406,37.619211
-1569,55.809542,37.629227
-1570,55.814773,37.623172
-1571,55.815071,37.623226
-1572,55.816802,37.622981
-1573,55.807330,37.636097
-1574,55.808214,37.636632
-1575,55.807848,37.636638
-1576,55.807394,37.634466
-1577,55.806915,37.632907
-1578,55.806936,37.631172
-1579,55.802420,37.633622
-1580,55.804881,37.633099
-1581,55.802315,37.630945
-1582,55.800368,37.634507
-1583,55.800401,37.634698
-1584,55.800504,37.634450
-1585,55.800986,37.635285
-1586,55.795417,37.634476
-1587,55.800882,37.635530
-1588,55.804700,37.636331
-1589,55.838290,37.653733
-1590,55.837781,37.653990
-1591,55.838110,37.653646
-1592,55.838069,37.654339
-1593,55.836397,37.654759
-1594,55.837087,37.654207
-1595,55.836583,37.651120
-1596,55.836491,37.650869
-1597,55.833608,37.653474
-1598,55.837524,37.656738
-1599,55.837755,37.656704
-1600,55.837919,37.655165
-1601,55.838140,37.654603
-1602,55.838304,37.654141
-1603,55.836280,37.657999
-1604,55.836358,37.658101
-1605,55.837887,37.657613
-1606,55.839183,37.659614
-1607,55.838959,37.658338
-1608,55.838445,37.658354
-1609,55.844227,37.649614
-1610,55.850781,37.676517
-1611,55.847705,37.671203
-1612,55.843792,37.664918
-1613,55.845454,37.668019
-1614,55.845504,37.669042
-1615,55.822091,37.623779
-1616,55.821584,37.622220
-1617,55.821382,37.621722
-1618,55.821481,37.622158
-1619,55.824543,37.633788
-1620,55.829501,37.630651
-1621,55.829563,37.631214
-1622,55.831438,37.625316
-1623,55.830426,37.623294
-1624,55.830241,37.622413
-1625,55.825826,37.623876
-1626,55.825508,37.625101
-1627,55.825107,37.626474
-1628,55.825958,37.626107
-1629,55.826015,37.624169
-1630,55.824090,37.623579
-1631,55.823764,37.625834
-1632,55.822739,37.626581
-1633,55.823952,37.633770
-1634,55.824318,37.633613
-1635,55.829479,37.631532
-1636,55.829493,37.631963
-1637,55.818573,37.654073
-1638,55.818372,37.653853
-1639,55.818086,37.653296
-1640,55.819614,37.652758
-1641,55.817720,37.656667
-1642,55.817715,37.654814
-1643,55.817920,37.654445
-1644,55.817969,37.653578
-1645,55.817066,37.653313
-1646,55.816492,37.653010
-1647,55.816692,37.651509
-1648,55.816492,37.652578
-1649,55.816618,37.651506
-1650,55.816143,37.650092
-1651,55.816103,37.648623
-1652,55.816134,37.648015
-1653,55.816100,37.646959
-1654,55.816613,37.650028
-1655,55.816272,37.645047
-1656,55.815636,37.646707
-1657,55.816394,37.645074
-1658,55.816689,37.643712
-1659,55.816492,37.645092
-1660,55.818058,37.657039
-1661,55.821188,37.662243
-1662,55.820935,37.662601
-1663,55.821231,37.661684
-1664,55.819994,37.655667
-1665,55.817119,37.643437
-1666,55.817223,37.643462
-1667,55.816445,37.644156
-1668,55.816576,37.643692
-1669,55.816705,37.641530
-1670,55.816716,37.641238
-1671,55.816929,37.640182
-1672,55.815646,37.646556
-1673,55.816075,37.643553
-1674,55.815580,37.642824
-1675,55.815815,37.643529
-1676,55.815145,37.642190
-1677,55.815299,37.642423
-1678,55.813443,37.642862
-1679,55.813295,37.643867
-1680,55.812309,37.641889
-1681,55.813211,37.640080
-1682,55.813231,37.639647
-1683,55.813333,37.638364
-1684,55.811219,37.638815
-1685,55.811179,37.638222
-1686,55.810184,37.637880
-1687,55.810404,37.638081
-1688,55.809940,37.638961
-1689,55.810064,37.638020
-1690,55.809923,37.637995
-1691,55.806312,37.637027
-1692,55.811278,37.638826
-1693,55.812703,37.639463
-1694,55.812192,37.639932
-1695,55.813134,37.638311
-1696,55.813530,37.642537
-1697,55.813655,37.641715
-1698,55.816107,37.641172
-1699,55.821316,37.662585
-1700,55.821512,37.662363
-1701,55.821524,37.662880
-1702,55.821573,37.662494
-1703,55.822134,37.666957
-1704,55.821226,37.663862
-1705,55.828649,37.655279
-1706,55.829007,37.655522
-1707,55.829301,37.655352
-1708,55.828963,37.654982
-1709,55.829117,37.654168
-1710,55.830091,37.655081
-1711,55.830661,37.654450
-1712,55.829497,37.653852
-1713,55.830139,37.653715
-1714,55.830890,37.655031
-1715,55.830602,37.653965
-1716,55.830993,37.656086
-1717,55.831040,37.656279
-1718,55.831981,37.658893
-1719,55.830790,37.657172
-1720,55.833183,37.654843
-1721,55.837472,37.662057
-1722,55.837231,37.662445
-1723,55.833766,37.657770
-1724,55.831199,37.659935
-1725,55.830216,37.665034
-1726,55.833888,37.665748
-1727,55.836110,37.667893
-1728,55.833216,37.665069
-1729,55.838473,37.669313
-1730,55.840779,37.663875
-1731,55.844120,37.668727
-1732,55.844529,37.668808
-1733,55.850046,37.675939
-1734,55.833659,37.623535
-1735,55.834013,37.624163
-1736,55.834003,37.623624
-1737,55.838412,37.631635
-1738,55.838123,37.631884
-1739,55.839052,37.629777
-1740,55.837703,37.626211
-1741,55.834908,37.622686
-1742,55.834720,37.623107
-1743,55.834297,37.623858
-1744,55.834569,37.623382
-1745,55.834492,37.623536
-1746,55.834725,37.623181
-1747,55.834435,37.623830
-1748,55.835371,37.622716
-1749,55.838146,37.618722
-1750,55.838003,37.625100
-1751,55.837769,37.625417
-1752,55.829765,37.630714
-1753,55.829976,37.631166
-1754,55.838499,37.633798
-1755,55.840191,37.636446
-1756,55.840639,37.636705
-1757,55.840083,37.638908
-1758,55.839280,37.643828
-1759,55.839389,37.643960
-1760,55.837709,37.648654
-1761,55.811343,37.618716
-1762,55.811520,37.618359
-1763,55.813924,37.618269
-1764,55.814774,37.620075
-1765,55.810905,37.618651
-1766,55.811401,37.619068
-1767,55.811411,37.619129
-1768,55.811252,37.619405
-1769,55.808792,37.630329
-1770,55.814945,37.623267
-1771,55.814906,37.622392
-1772,55.816782,37.622743
-1773,55.807348,37.635788
-1774,55.806061,37.635860
-1775,55.808212,37.636700
-1776,55.807987,37.636661
-1777,55.809763,37.634841
-1778,55.807322,37.635545
-1779,55.807530,37.631012
-1780,55.802220,37.633585
-1781,55.802461,37.632974
-1782,55.802218,37.630892
-1783,55.800193,37.634306
-1784,55.800321,37.634071
-1785,55.800271,37.635064
-1786,55.800177,37.634469
-1787,55.800727,37.635032
-1788,55.800973,37.635422
-1789,55.794619,37.634312
-1790,55.804926,37.636600
-1791,55.838790,37.652878
-1792,55.838359,37.653846
-1793,55.838145,37.653485
-1794,55.837592,37.653677
-1795,55.837457,37.654047
-1796,55.838122,37.654249
-1797,55.837337,37.654182
-1798,55.836687,37.651012
-1799,55.836285,37.650359
-1800,55.837312,37.648927
-1801,55.837653,37.656908
-1802,55.838049,37.655338
-1803,55.837535,37.655876
-1804,55.838322,37.654982
-1805,55.838177,37.654977
-1806,55.838245,37.654049
-1807,55.838361,37.654217
-1808,55.839041,37.652858
-1809,55.839049,37.659925
-1810,55.839478,37.658925
-1811,55.839396,37.658949
-1812,55.843894,37.649614
-1813,55.850907,37.676602
-1814,55.851290,37.677264
-1815,55.847497,37.670718
-1816,55.844270,37.664682
-1817,55.845918,37.668608
-1818,55.846113,37.669878
-1819,55.822085,37.622781
-1820,55.822303,37.623656
-1821,55.821593,37.621714
-1822,55.821392,37.620657
-1823,55.821484,37.621804
-1824,55.824457,37.633683
-1825,55.824457,37.633788
-1826,55.829640,37.631088
-1827,55.829474,37.631361
-1828,55.832634,37.623371
-1829,55.829530,37.622267
-1830,55.830339,37.618772
-1831,55.831992,37.622435
-1832,55.828245,37.624355
-1833,55.825621,37.623246
-1834,55.825255,37.625043
-1835,55.824854,37.626442
-1836,55.825125,37.623729
-1837,55.824136,37.622598
-1838,55.823620,37.625997
-1839,55.822725,37.627433
-1840,55.824025,37.633758
-1841,55.824372,37.633635
-1842,55.818573,37.655051
-1843,55.818499,37.654010
-1844,55.818686,37.654142
-1845,55.817654,37.656595
-1846,55.817705,37.655502
-1847,55.817637,37.654810
-1848,55.817940,37.653779
-1849,55.817916,37.656765
-1850,55.816951,37.654106
-1851,55.816274,37.653004
-1852,55.816619,37.651604
-1853,55.815984,37.652973
-1854,55.816030,37.650075
-1855,55.816108,37.648533
-1856,55.816078,37.649125
-1857,55.816043,37.648001
-1858,55.815017,37.646756
-1859,55.815123,37.646612
-1860,55.816697,37.643540
-1861,55.816559,37.643949
-1862,55.816703,37.643624
-1863,55.818317,37.656198
-1864,55.821188,37.662590
-1865,55.820838,37.662601
-1866,55.820942,37.663324
-1867,55.819912,37.655567
-1868,55.817133,37.643517
-1869,55.817029,37.643470
-1870,55.817238,37.643536
-1871,55.816926,37.641564
-1872,55.815131,37.646468
-1873,55.815779,37.644038
-1874,55.815124,37.642776
-1875,55.815135,37.642465
-1876,55.813402,37.643606
-1877,55.813510,37.642876
-1878,55.813270,37.644338
-1879,55.813387,37.643884
-1880,55.812576,37.643753
-1881,55.812393,37.640799
-1882,55.812167,37.641911
-1883,55.813200,37.640338
-1884,55.813256,37.639084
-1885,55.813334,37.638337
-1886,55.811167,37.639753
-1887,55.810173,37.638039
-1888,55.809833,37.640849
-1889,55.808994,37.638804
-1890,55.808106,37.637667
-1891,55.805714,37.636923
-1892,55.806295,37.637330
-1893,55.812733,37.638989
-1894,55.812151,37.640767
-1895,55.812040,37.639906
-1896,55.814152,37.642628
-1897,55.813889,37.641760
-1898,55.821308,37.663594
-1899,55.821408,37.662594
-1900,55.821409,37.662793
-1901,55.821628,37.662984
-1902,55.822003,37.667421
-1903,55.823240,37.668021
-1904,55.821176,37.664029
-1905,55.828468,37.655700
-1906,55.828961,37.655829
-1907,55.829391,37.655208
-1908,55.829891,37.656273
-1909,55.829356,37.655646
-1910,55.829243,37.653997
-1911,55.830124,37.655087
-1912,55.830065,37.655102
-1913,55.830319,37.653783
-1914,55.830663,37.655761
-1915,55.830897,37.655006
-1916,55.830785,37.654917
-1917,55.830492,37.653883
-1918,55.830985,37.656134
-1919,55.830996,37.656213
-1920,55.830552,37.656887
-1921,55.830844,37.657527
-1922,55.837649,37.662079
-1923,55.837464,37.662639
-1924,55.831331,37.659542
-1925,55.828070,37.662862
-1926,55.829285,37.667983
-1927,55.832870,37.666062
-1928,55.833441,37.666805
-1929,55.838421,37.669436
-1930,55.841101,37.664158
-1931,55.844198,37.669172
-1932,55.844439,37.668743
-1933,55.850754,37.676863
-1934,55.833605,37.623084
-1935,55.833168,37.623387
-1936,55.834100,37.623472
-1937,55.834115,37.623782
-1938,55.833987,37.623601
-1939,55.838666,37.632216
-1940,55.838040,37.631963
-1941,55.839185,37.629912
-1942,55.837869,37.626122
-1943,55.834899,37.622611
-1944,55.834706,37.622891
-1945,55.834603,37.623101
-1946,55.834272,37.623863
-1947,55.834303,37.623635
-1948,55.834606,37.623187
-1949,55.834387,37.623626
-1950,55.836960,37.620065
-1951,55.837745,37.617912
-1952,55.839066,37.617886
-1953,55.838445,37.625923
-1954,55.829753,37.631114
-1955,55.838561,37.632707
-1956,55.840668,37.636393
-1957,55.840155,37.636178
-1958,55.840687,37.636724
-1959,55.840506,37.640195
-1960,55.839973,37.639747
-1961,55.840035,37.643596
-1962,55.837813,37.649543
-1963,55.811165,37.618690
-1964,55.811366,37.617782
-1965,55.814212,37.616785
-1966,55.813992,37.618252
-1967,55.816343,37.620184
-1968,55.814819,37.620187
-1969,55.809643,37.617720
-1970,55.810928,37.618507
-1971,55.810894,37.618747
-1972,55.810834,37.619091
-1973,55.810915,37.619839
-1974,55.808350,37.630700
-1975,55.814835,37.621266
-1976,55.816757,37.622623
-1977,55.805635,37.635790
-1978,55.805716,37.636092
-1979,55.808123,37.636683
-1980,55.807941,37.637556
-1981,55.807746,37.630954
-1982,55.802081,37.632899
-1983,55.802119,37.630837
-1984,55.799355,37.635809
-1985,55.800252,37.635360
-1986,55.799413,37.635836
-1987,55.800891,37.635213
-1988,55.794213,37.634288
-1989,55.805303,37.637342
-1990,55.838917,37.652662
-1991,55.838963,37.652778
-1992,55.838123,37.653432
-1993,55.837788,37.653317
-1994,55.836805,37.650971
-1995,55.836323,37.650307
-1996,55.838228,37.655240
-1997,55.838126,37.655283
-1998,55.838466,37.654328
-1999,55.839645,37.651806
-2000,55.839422,37.653245
-2001,55.839435,37.660441
-2002,55.842791,37.649381
-2003,55.850985,37.676609
-2004,55.851208,37.676928
-2005,55.851655,37.677757
-2006,55.847364,37.670175
-2007,55.844965,37.663111
-2008,55.846286,37.665807
-2009,55.846208,37.669971
-2010,55.822473,37.623651
-2011,55.821602,37.620573
-2012,55.821415,37.618712
-2013,55.816652,37.620205
-2014,55.821551,37.620656
-2015,55.824422,37.633653
-2016,55.824470,37.633772
-2017,55.824420,37.633787
-2018,55.832894,37.623303
-2019,55.828484,37.622011
-2020,55.830460,37.617944
-2021,55.832271,37.621959
-2022,55.832509,37.622456
-2023,55.825379,37.623182
-2024,55.825741,37.621389
-2025,55.825331,37.623757
-2026,55.824209,37.621050
-2027,55.823790,37.622547
-2028,55.822668,37.625996
-2029,55.822475,37.627423
-2030,55.824087,37.633733
-2031,55.818478,37.655489
-2032,55.818910,37.654236
-2033,55.816478,37.655375
-2034,55.817676,37.656494
-2035,55.817615,37.656714
-2036,55.817560,37.654769
-2037,55.816360,37.653463
-2038,55.816842,37.654427
-2039,55.816305,37.653281
-2040,55.815937,37.652966
-2041,55.816039,37.649896
-2042,55.816004,37.650594
-2043,55.816015,37.648517
-2044,55.815982,37.649116
-2045,55.815740,37.647965
-2046,55.814557,37.646671
-2047,55.814960,37.647939
-2048,55.815025,37.646593
-2049,55.817026,37.643562
-2050,55.817021,37.643645
-2051,55.818448,37.655902
-2052,55.820878,37.663250
-2053,55.820850,37.660359
-2054,55.820933,37.663742
-2055,55.819790,37.655508
-2056,55.817069,37.643556
-2057,55.817146,37.643598
-2058,55.817098,37.642390
-2059,55.814572,37.646357
-2060,55.815194,37.645456
-2061,55.815052,37.643914
-2062,55.815115,37.643007
-2063,55.814791,37.642427
-2064,55.813471,37.643626
-2065,55.813591,37.642894
-2066,55.813256,37.644593
-2067,55.813159,37.644309
-2068,55.813327,37.644982
-2069,55.812245,37.640778
-2070,55.812448,37.640807
-2071,55.813169,37.641017
-2072,55.813025,37.640437
-2073,55.813356,37.637699
-2074,55.811093,37.641095
-2075,55.811315,37.639779
-2076,55.809822,37.641193
-2077,55.809539,37.640807
-2078,55.808977,37.639159
-2079,55.807954,37.637639
-2080,55.808110,37.637584
-2081,55.805689,37.637216
-2082,55.804642,37.636779
-2083,55.807494,37.637553
-2084,55.805745,37.637229
-2085,55.806291,37.637400
-2086,55.811917,37.639885
-2087,55.814232,37.642591
-2088,55.814228,37.642710
-2089,55.821940,37.667641
-2090,55.823121,37.668383
-2091,55.823671,37.668459
-2092,55.821082,37.664337
-2093,55.828406,37.655910
-2094,55.828895,37.656093
-2095,55.829609,37.655082
-2096,55.830000,37.656256
-2097,55.830003,37.656422
-2098,55.829379,37.655769
-2099,55.829354,37.655876
-2100,55.830152,37.655115
-2101,55.830045,37.655133
-2102,55.830609,37.655708
-2103,55.830643,37.655829
-2104,55.830792,37.654894
-2105,55.830555,37.655655
-2106,55.830335,37.656628
-2107,55.830250,37.656991
-2108,55.830823,37.657578
-2109,55.830460,37.658624
-2110,55.828226,37.662354
-2111,55.827753,37.663367
-2112,55.829191,37.667899
-2113,55.829185,37.668281
-2114,55.834319,37.668017
-2115,55.838412,37.669587
-2116,55.844288,37.669371
-2117,55.844355,37.668732
-2118,55.850832,37.677571
-2119,55.851133,37.677355
-2120,55.850762,37.677033
-2121,55.833608,37.623049
-2122,55.833650,37.622630
-2123,55.834162,37.623571
-2124,55.834076,37.623434
-2125,55.833907,37.623346
-2126,55.838890,37.632565
-2127,55.838619,37.632364
-2128,55.839294,37.630218
-2129,55.837114,37.631980
-2130,55.838248,37.625975
-2131,55.834806,37.622358
-2132,55.834626,37.622634
-2133,55.834599,37.622981
-2134,55.834272,37.623638
-2135,55.837573,37.619042
-2136,55.836741,37.619627
-2137,55.837496,37.617408
-2138,55.840518,37.624571
-2139,55.839146,37.617777
-2140,55.839812,37.625401
-2141,55.838551,37.626120
-2142,55.843075,37.636111
-2143,55.840101,37.636086
-2144,55.841463,37.638031
-2145,55.842722,37.637623
-2146,55.840353,37.641727
-2147,55.839963,37.640049
-2148,55.840139,37.643537
-2149,55.840001,37.643506
-2150,55.837990,37.649754
-2151,55.811053,37.617113
-2152,55.814294,37.616424
-2153,55.816219,37.617691
-2154,55.816420,37.617643
-2155,55.808689,37.617006
-2156,55.809682,37.617578
-2157,55.810939,37.618420
-2158,55.810876,37.618850
-2159,55.809288,37.617896
-2160,55.810816,37.619211
-2161,55.810214,37.620742
-2162,55.808115,37.630805
-2163,55.816665,37.622408
-2164,55.805070,37.635700
-2165,55.805626,37.636077
-2166,55.805714,37.636152
-2167,55.807790,37.637530
-2168,55.808080,37.637579
-2169,55.807829,37.630932
-2170,55.802754,37.629662
-2171,55.799293,37.636096
-2172,55.800700,37.635455
-2173,55.799844,37.635274
-2174,55.799344,37.636102
-2175,55.800891,37.635348
-2176,55.793972,37.634163
-2177,55.791595,37.634455
-2178,55.806613,37.640017
-2179,55.839517,37.651669
-2180,55.838761,37.652367
-2181,55.839553,37.651737
-2182,55.837991,37.652787
-2183,55.837190,37.650630
-2184,55.835448,37.652826
-2185,55.838249,37.655862
-2186,55.838779,37.654886
-2187,55.839050,37.653266
-2188,55.839587,37.651678
-2189,55.839728,37.651967
-2190,55.840033,37.651124
-2191,55.839738,37.653726
-2192,55.839857,37.659499
-2193,55.842563,37.649333
-2194,55.842604,37.650156
-2195,55.851029,37.676590
-2196,55.851058,37.676364
-2197,55.851375,37.676524
-2198,55.851755,37.677275
-2199,55.851887,37.678070
-2200,55.847290,37.669838
-2201,55.845830,37.664232
-2202,55.846603,37.665317
-2203,55.846424,37.670184
-2204,55.846245,37.669844
-2205,55.846145,37.670192
-2206,55.822481,37.624735
-2207,55.821619,37.618509
-2208,55.821417,37.618513
-2209,55.821298,37.618793
-2210,55.816588,37.621996
-2211,55.824387,37.633757
-2212,55.830655,37.616607
-2213,55.830648,37.618141
-2214,55.832704,37.621283
-2215,55.824257,37.620156
-2216,55.823524,37.622508
-2217,55.823806,37.621225
-2218,55.822479,37.625996
-2219,55.822665,37.624820
-2220,55.824150,37.633708
-2221,55.818914,37.655063
-2222,55.815771,37.654642
-2223,55.816437,37.655487
-2224,55.817816,37.656937
-2225,55.817459,37.656552
-2226,55.815884,37.652960
-2227,55.815929,37.653108
-2228,55.815939,37.649883
-2229,55.815936,37.651946
-2230,55.815901,37.650581
-2231,55.815925,37.648507
-2232,55.815895,37.649100
-2233,55.815254,37.647913
-2234,55.815760,37.647461
-2235,55.814369,37.646638
-2236,55.814566,37.646506
-2237,55.815193,37.647971
-2238,55.817073,37.643637
-2239,55.820876,37.663480
-2240,55.820252,37.662509
-2241,55.817929,37.657156
-2242,55.820848,37.664009
-2243,55.819329,37.655491
-2244,55.814536,37.646350
-2245,55.814580,37.643831
-2246,55.814687,37.642947
-2247,55.813390,37.644996
-2248,55.813834,37.642925
-2249,55.813240,37.644894
-2250,55.813144,37.644564
-2251,55.813315,37.645197
-2252,55.813369,37.644992
-2253,55.812910,37.640977
-2254,55.812865,37.640618
-2255,55.813358,37.637663
-2256,55.813146,37.637674
-2257,55.811059,37.642064
-2258,55.811498,37.639812
-2259,55.810010,37.642989
-2260,55.808273,37.639052
-2261,55.807759,37.637603
-2262,55.807941,37.637934
-2263,55.805653,37.637679
-2264,55.805607,37.637196
-2265,55.804632,37.636989
-2266,55.803304,37.636523
-2267,55.807623,37.637577
-2268,55.805697,37.637769
-2269,55.806275,37.637657
-2270,55.811926,37.639633
-2271,55.814697,37.642652
-2272,55.814212,37.643146
-2273,55.823067,37.668546
-2274,55.824080,37.668669
-2275,55.820811,37.664306
-2276,55.820958,37.664748
-2277,55.827965,37.657962
-2278,55.828868,37.656261
-2279,55.829792,37.655052
-2280,55.830065,37.656170
-2281,55.830221,37.656532
-2282,55.829459,37.656323
-2283,55.829299,37.656175
-2284,55.830169,37.655154
-2285,55.830032,37.655196
-2286,55.829924,37.655067
-2287,55.830604,37.655887
-2288,55.830167,37.655272
-2289,55.830535,37.655724
-2290,55.830323,37.656624
-2291,55.830338,37.658959
-2292,55.828350,37.661952
-2293,55.827819,37.661832
-2294,55.826241,37.667413
-2295,55.829022,37.667728
-2296,55.829078,37.668603
-2297,55.838436,37.669688
-2298,55.844849,37.670116
-2299,55.844288,37.668797
-2300,55.850635,37.677411
-2301,55.851099,37.677901
-2302,55.851795,37.678215
-2303,55.850751,37.677250
-2304,55.833779,37.623058
-2305,55.833725,37.622380
-2306,55.834025,37.623249
-2307,55.833889,37.623064
-2308,55.839101,37.632875
-2309,55.839448,37.630021
-2310,55.836252,37.631986
-2311,55.834757,37.622226
-2312,55.834728,37.622477
-2313,55.834375,37.623019
-2314,55.834499,37.622455
-2315,55.836480,37.619102
-2316,55.837236,37.616811
-2317,55.840542,37.623620
-2318,55.840461,37.624999
-2319,55.839461,37.617519
-2320,55.838896,37.616873
-2321,55.840111,37.625273
-2322,55.838945,37.626784
-2323,55.843716,37.637504
-2324,55.843060,37.635806
-2325,55.843954,37.636017
-2326,55.839885,37.635392
-2327,55.841938,37.639117
-2328,55.842719,37.637752
-2329,55.840420,37.641977
-2330,55.839898,37.640305
-2331,55.840223,37.643527
-2332,55.840019,37.643060
-2333,55.838029,37.649900
-2334,55.810497,37.616262
-2335,55.814809,37.616290
-2336,55.814270,37.615506
-2337,55.815934,37.615995
-2338,55.817867,37.617292
-2339,55.807678,37.616294
-2340,55.808726,37.616849
-2341,55.809124,37.617905
-2342,55.809128,37.621676
-2343,55.805678,37.636147
-2344,55.807763,37.637526
-2345,55.807394,37.621103
-2346,55.803081,37.629877
-2347,55.799310,37.636416
-2348,55.796070,37.634465
-2349,55.799361,37.636370
-2350,55.793851,37.634032
-2351,55.793905,37.634018
-2352,55.791578,37.633778
-2353,55.790134,37.634528
-2354,55.807219,37.641288
-2355,55.806459,37.639464
-2356,55.839955,37.650940
-2357,55.839339,37.651377
-2358,55.838037,37.652555
-2359,55.837394,37.650495
-2360,55.840017,37.658239
-2361,55.838960,37.655175
-2362,55.839327,37.653760
-2363,55.839979,37.651023
-2364,55.839757,37.651921
-2365,55.840083,37.651220
-2366,55.840565,37.650211
-2367,55.840053,37.654342
-2368,55.841322,37.648408
-2369,55.851053,37.676533
-2370,55.851058,37.676447
-2371,55.851028,37.676241
-2372,55.851285,37.676393
-2373,55.851475,37.676632
-2374,55.851807,37.677193
-2375,55.851724,37.676964
-2376,55.852020,37.677753
-2377,55.853739,37.680555
-2378,55.847232,37.669189
-2379,55.846540,37.665185
-2380,55.846664,37.665451
-2381,55.846824,37.663905
-2382,55.846773,37.670358
-2383,55.846077,37.670370
-2384,55.821517,37.618428
-2385,55.821622,37.617947
-2386,55.821421,37.618083
-2387,55.821170,37.618802
-2388,55.824360,37.633737
-2389,55.830821,37.616000
-2390,55.831162,37.618391
-2391,55.833123,37.620823
-2392,55.824464,37.620381
-2393,55.824285,37.619608
-2394,55.823519,37.621780
-2395,55.822479,37.621243
-2396,55.824205,37.633690
-2397,55.815715,37.654578
-2398,55.815823,37.654361
-2399,55.815733,37.654752
-2400,55.816339,37.655754
-2401,55.817326,37.656934
-2402,55.815880,37.653049
-2403,55.815877,37.653102
-2404,55.815904,37.653612
-2405,55.815856,37.649872
-2406,55.815827,37.651931
-2407,55.815888,37.650811
-2408,55.815581,37.650539
-2409,55.815554,37.648455
-2410,55.815363,37.649031
-2411,55.815279,37.647398
-2412,55.814376,37.646471
-2413,55.814365,37.646734
-2414,55.814529,37.646497
-2415,55.820867,37.663663
-2416,55.820126,37.662868
-2417,55.820213,37.662354
-2418,55.820704,37.664192
-2419,55.813330,37.646148
-2420,55.814553,37.646010
-2421,55.814607,37.643198
-2422,55.814681,37.643117
-2423,55.813379,37.645206
-2424,55.813446,37.645007
-2425,55.813224,37.645199
-2426,55.813127,37.644863
-2427,55.813264,37.646135
-2428,55.812600,37.640576
-2429,55.813527,37.637685
-2430,55.813148,37.637612
-2431,55.811038,37.642664
-2432,55.811949,37.641971
-2433,55.811517,37.639561
-2434,55.810379,37.646159
-2435,55.808210,37.639045
-2436,55.807984,37.637942
-2437,55.807612,37.637879
-2438,55.805657,37.637783
-2439,55.805611,37.637107
-2440,55.805008,37.637072
-2441,55.804549,37.638833
-2442,55.804711,37.637010
-2443,55.804572,37.636979
-2444,55.801365,37.636080
-2445,55.803293,37.636738
-2446,55.805940,37.638272
-2447,55.806268,37.637773
-2448,55.824297,37.669080
-2449,55.820373,37.665884
-2450,55.820920,37.664530
-2451,55.820480,37.666365
-2452,55.820953,37.664651
-2453,55.827911,37.658345
-2454,55.828925,37.656580
-2455,55.830093,37.656034
-2456,55.829584,37.656923
-2457,55.829093,37.656883
-2458,55.830175,37.655211
-2459,55.830033,37.655250
-2460,55.830555,37.655880
-2461,55.830146,37.655309
-2462,55.830532,37.655823
-2463,55.829883,37.658503
-2464,55.828437,37.661728
-2465,55.827583,37.661412
-2466,55.826204,37.666757
-2467,55.826271,37.667961
-2468,55.826084,37.667834
-2469,55.829311,37.666880
-2470,55.828751,37.668554
-2471,55.829071,37.669439
-2472,55.828878,37.669241
-2473,55.838487,37.669720
-2474,55.845123,37.670417
-2475,55.844255,37.668920
-2476,55.850577,37.677364
-2477,55.851635,37.678571
-2478,55.853611,37.680645
-2479,55.833840,37.622154
-2480,55.834019,37.623070
-2481,55.833934,37.622776
-2482,55.839293,37.633042
-2483,55.840250,37.629184
-2484,55.835935,37.631946
-2485,55.834591,37.622005
-2486,55.834342,37.622374
-2487,55.836311,37.618764
-2488,55.837102,37.616735
-2489,55.840460,37.619595
-2490,55.839896,37.617165
-2491,55.838847,37.616509
-2492,55.839752,37.627688
-2493,55.843745,37.637408
-2494,55.843710,37.637539
-2495,55.842969,37.635409
-2496,55.843927,37.637236
-2497,55.844655,37.635851
-2498,55.844642,37.636027
-2499,55.839703,37.635067
-2500,55.842154,37.638850
-2501,55.841622,37.639783
-2502,55.842281,37.639992
-2503,55.842716,37.637875
-2504,55.842960,37.637760
-2505,55.840441,37.643505
-2506,55.840437,37.641788
-2507,55.839753,37.640603
-2508,55.839909,37.642649
-2509,55.838076,37.650153
-2510,55.810120,37.615843
-2511,55.814842,37.616719
-2512,55.817943,37.616695
-2513,55.818185,37.617189
-2514,55.807330,37.616020
-2515,55.807728,37.616141
-2516,55.809009,37.618042
-2517,55.808955,37.621824
-2518,55.805543,37.636122
-2519,55.807476,37.620947
-2520,55.808153,37.622513
-2521,55.803517,37.629252
-2522,55.799411,37.636600
-2523,55.795440,37.634330
-2524,55.796099,37.634184
-2525,55.799575,37.636712
-2526,55.793666,37.633671
-2527,55.793770,37.633603
-2528,55.793888,37.633895
-2529,55.791592,37.633199
-2530,55.791508,37.633785
-2531,55.790134,37.633356
-2532,55.790254,37.634930
-2533,55.786194,37.634725
-2534,55.807664,37.642232
-2535,55.807341,37.641099
-2536,55.806098,37.638707
-2537,55.840033,37.650843
-2538,55.839834,37.650546
-2539,55.838244,37.652203
-2540,55.837547,37.650455
-2541,55.839545,37.654135
-2542,55.840201,37.650689
-2543,55.840494,37.650101
-2544,55.840606,37.650273
-2545,55.840521,37.654779
-2546,55.841469,37.648007
-2547,55.841296,37.648216
-2548,55.841287,37.648446
-2549,55.842145,37.647534
-2550,55.850757,37.675843
-2551,55.851157,37.676381
-2552,55.851535,37.675790
-2553,55.851545,37.676726
-2554,55.851719,37.676025
-2555,55.851868,37.677157
-2556,55.853728,37.680044
-2557,55.852256,37.677190
-2558,55.853868,37.680235
-2559,55.854641,37.681751
-2560,55.847220,37.668250
-2561,55.846850,37.665867
-2562,55.846961,37.663039
-2563,55.847253,37.664059
-2564,55.846478,37.670492
-2565,55.846749,37.670556
-2566,55.846796,37.670117
-2567,55.847232,37.670492
-2568,55.845748,37.670367
-2569,55.821522,37.618045
-2570,55.821640,37.616742
-2571,55.821422,37.617983
-2572,55.821239,37.618030
-2573,55.821113,37.618700
-2574,55.824292,37.633693
-2575,55.831075,37.615509
-2576,55.831671,37.618619
-2577,55.833519,37.621546
-2578,55.832777,37.620117
-2579,55.824928,37.620465
-2580,55.824890,37.619708
-2581,55.824312,37.619036
-2582,55.822822,37.621752
-2583,55.822505,37.622617
-2584,55.824233,37.633685
-2585,55.815648,37.654502
-2586,55.815765,37.654338
-2587,55.815678,37.654697
-2588,55.815874,37.654000
-2589,55.815436,37.655573
-2590,55.816168,37.656247
-2591,55.815936,37.655891
-2592,55.817174,37.657359
-2593,55.815766,37.653038
-2594,55.815856,37.653598
-2595,55.815822,37.653094
-2596,55.815326,37.649799
-2597,55.815855,37.651411
-2598,55.815814,37.652154
-2599,55.815541,37.651883
-2600,55.815872,37.651112
-2601,55.815748,37.650786
-2602,55.815550,37.651280
-2603,55.815454,37.650523
-2604,55.815379,37.648688
-2605,55.813324,37.646295
-2606,55.814342,37.647171
-2607,55.820780,37.663904
-2608,55.820086,37.662824
-2609,55.820127,37.662008
-2610,55.820267,37.661542
-2611,55.820448,37.663921
-2612,55.814926,37.646088
-2613,55.814589,37.645294
-2614,55.813436,37.645215
-2615,55.813687,37.645046
-2616,55.813174,37.646118
-2617,55.813109,37.645175
-2618,55.813255,37.646283
-2619,55.813329,37.637636
-2620,55.810322,37.646452
-2621,55.808023,37.639221
-2622,55.807952,37.638470
-2623,55.807582,37.637875
-2624,55.805679,37.637851
-2625,55.805505,37.637087
-2626,55.804990,37.637307
-2627,55.804536,37.639137
-2628,55.803281,37.638637
-2629,55.803351,37.636749
-2630,55.800979,37.635990
-2631,55.801225,37.636194
-2632,55.803197,37.638624
-2633,55.802205,37.636612
-2634,55.805910,37.638323
-2635,55.807286,37.637967
-2636,55.824418,37.669227
-2637,55.820296,37.666128
-2638,55.820294,37.665817
-2639,55.819467,37.669942
-2640,55.828167,37.658472
-2641,55.827697,37.660264
-2642,55.828919,37.656890
-2643,55.830113,37.655847
-2644,55.829648,37.657140
-2645,55.828950,37.657307
-2646,55.830049,37.655298
-2647,55.830115,37.655334
-2648,55.828508,37.660922
-2649,55.827710,37.660538
-2650,55.827345,37.662404
-2651,55.826233,37.666573
-2652,55.826413,37.667837
-2653,55.825706,37.668889
-2654,55.828842,37.669358
-2655,55.829475,37.669764
-2656,55.828769,37.669133
-2657,55.838582,37.669712
-2658,55.845457,37.670615
-2659,55.844258,37.669054
-2660,55.850422,37.677163
-2661,55.850068,37.682196
-2662,55.852232,37.679393
-2663,55.854519,37.681860
-2664,55.853448,37.681066
-2665,55.834008,37.621966
-2666,55.833941,37.622351
-2667,55.834018,37.623043
-2668,55.834040,37.622544
-2669,55.839373,37.633318
-2670,55.840150,37.628721
-2671,55.840347,37.629104
-2672,55.835741,37.632144
-2673,55.834534,37.621957
-2674,55.834624,37.621510
-2675,55.834179,37.622407
-2676,55.834348,37.622145
-2677,55.834335,37.622593
-2678,55.836903,37.616867
-2679,55.840000,37.617117
-2680,55.838830,37.616145
-2681,55.839920,37.628012
-2682,55.843802,37.637308
-2683,55.843702,37.637681
-2684,55.842917,37.635219
-2685,55.843201,37.635498
-2686,55.841415,37.634554
-2687,55.843856,37.637259
-2688,55.843995,37.637251
-2689,55.845485,37.635759
-2690,55.844104,37.637372
-2691,55.845168,37.636004
-2692,55.839378,37.633644
-2693,55.842359,37.638571
-2694,55.841522,37.640115
-2695,55.842313,37.639589
-2696,55.842261,37.640275
-2697,55.842954,37.637842
-2698,55.840716,37.643519
-2699,55.840534,37.641675
-2700,55.839663,37.640775
-2701,55.839633,37.641839
-2702,55.838094,37.650279
-2703,55.809954,37.615710
-2704,55.818177,37.616543
-2705,55.820156,37.616680
-2706,55.807190,37.616058
-2707,55.807089,37.615839
-2708,55.807423,37.615926
-2709,55.808309,37.622379
-2710,55.805415,37.636060
-2711,55.808132,37.622530
-2712,55.804014,37.628497
-2713,55.799532,37.636789
-2714,55.796098,37.634003
-2715,55.796150,37.634180
-2716,55.793403,37.633363
-2717,55.793726,37.633337
-2718,55.794102,37.633779
-2719,55.793937,37.633797
-2720,55.791602,37.632801
-2721,55.791970,37.633209
-2722,55.791518,37.635201
-2723,55.791522,37.633116
-2724,55.788703,37.633085
-2725,55.790066,37.633120
-2726,55.788607,37.635023
-2727,55.791672,37.634844
-2728,55.786082,37.632979
-2729,55.786270,37.635154
-2730,55.784788,37.634795
-2731,55.807884,37.642695
-2732,55.807780,37.642097
-2733,55.807647,37.641139
-2734,55.807202,37.638891
-2735,55.840083,37.650786
-2736,55.838280,37.652055
-2737,55.837720,37.650463
-2738,55.840577,37.649883
-2739,55.841371,37.651469
-2740,55.840646,37.650091
-2741,55.841042,37.655574
-2742,55.840985,37.654677
-2743,55.841541,37.647768
-2744,55.841146,37.647401
-2745,55.841264,37.648282
-2746,55.841314,37.648631
-2747,55.841224,37.648537
-2748,55.842631,37.646927
-2749,55.850150,37.675119
-2750,55.851479,37.675583
-2751,55.851768,37.676179
-2752,55.851740,37.675978
-2753,55.852005,37.676853
-2754,55.852431,37.676721
-2755,55.854380,37.679108
-2756,55.855406,37.679909
-2757,55.857558,37.685756
-2758,55.847248,37.667295
-2759,55.847008,37.666056
-2760,55.846443,37.660517
-2761,55.847321,37.662521
-2762,55.847192,37.665726
-2763,55.846195,37.670562
-2764,55.846746,37.670701
-2765,55.847050,37.667425
-2766,55.847940,37.670777
-2767,55.847228,37.670696
-2768,55.847242,37.670289
-2769,55.845748,37.670540
-2770,55.821438,37.616724
-2771,55.822725,37.616808
-2772,55.821647,37.615016
-2773,55.821149,37.618051
-2774,55.821100,37.618564
-2775,55.824260,37.633685
-2776,55.831577,37.614734
-2777,55.832101,37.618945
-2778,55.833312,37.617527
-2779,55.832731,37.620163
-2780,55.832815,37.620024
-2781,55.824942,37.620271
-2782,55.824973,37.619720
-2783,55.824922,37.619143
-2784,55.824383,37.617711
-2785,55.822802,37.622580
-2786,55.815492,37.654335
-2787,55.815612,37.654622
-2788,55.815691,37.654309
-2789,55.815825,37.653983
-2790,55.815536,37.655106
-2791,55.814855,37.657289
-2792,55.815644,37.655810
-2793,55.815393,37.655526
-2794,55.818103,37.658366
-2795,55.816714,37.658727
-2796,55.815782,37.652742
-2797,55.815763,37.653090
-2798,55.815112,37.652980
-2799,55.815802,37.653595
-2800,55.815313,37.650054
-2801,55.815719,37.651384
-2802,55.815798,37.652448
-2803,55.815680,37.652133
-2804,55.815298,37.651843
-2805,55.815557,37.651467
-2806,55.815734,37.651085
-2807,55.815518,37.651391
-2808,55.815019,37.648646
-2809,55.815385,37.648550
-2810,55.813315,37.646439
-2811,55.813282,37.646980
-2812,55.814340,37.647233
-2813,55.820712,37.663955
-2814,55.819985,37.662709
-2815,55.819961,37.663215
-2816,55.819485,37.661320
-2817,55.819642,37.660848
-2818,55.819173,37.662569
-2819,55.820406,37.664064
-2820,55.813691,37.645254
-2821,55.813159,37.646407
-2822,55.813243,37.646424
-2823,55.809899,37.646753
-2824,55.808484,37.639731
-2825,55.807931,37.639261
-2826,55.807917,37.638465
-2827,55.807557,37.638407
-2828,55.805375,37.638119
-2829,55.804269,37.644636
-2830,55.804487,37.639127
-2831,55.804603,37.639151
-2832,55.803276,37.638729
-2833,55.799810,37.635720
-2834,55.801075,37.636162
-2835,55.801150,37.636295
-2836,55.801288,37.636429
-2837,55.802873,37.644541
-2838,55.801914,37.638423
-2839,55.807269,37.638421
-2840,55.824507,37.669323
-2841,55.820242,37.666184
-2842,55.820208,37.666093
-2843,55.820690,37.664363
-2844,55.820128,37.665680
-2845,55.819367,37.670315
-2846,55.828266,37.658520
-2847,55.827694,37.660359
-2848,55.830113,37.655660
-2849,55.829713,37.657275
-2850,55.828888,37.657488
-2851,55.830081,37.655326
-2852,55.830109,37.655519
-2853,55.828562,37.660400
-2854,55.826970,37.663829
-2855,55.826473,37.666044
-2856,55.826502,37.667697
-2857,55.825629,37.669128
-2858,55.828683,37.669791
-2859,55.829474,37.670704
-2860,55.828612,37.668962
-2861,55.838643,37.669662
-2862,55.845744,37.670683
-2863,55.844313,37.669199
-2864,55.850231,37.676798
-2865,55.848695,37.685372
-2866,55.849696,37.681753
-2867,55.851925,37.680129
-2868,55.853027,37.680487
-2869,55.857481,37.685915
-2870,55.855528,37.683930
-2871,55.834094,37.621911
-2872,55.834056,37.622848
-2873,55.834125,37.622710
-2874,55.840403,37.629060
-2875,55.835732,37.632844
-2876,55.834354,37.621890
-2877,55.834864,37.617910
-2878,55.834237,37.622603
-2879,55.834353,37.622591
-2880,55.836760,37.616787
-2881,55.839994,37.617084
-2882,55.840027,37.617105
-2883,55.838760,37.615930
-2884,55.843712,37.637766
-2885,55.842825,37.634753
-2886,55.843283,37.635530
-2887,55.843248,37.635095
-2888,55.841028,37.634340
-2889,55.841668,37.633817
-2890,55.841190,37.635166
-2891,55.844050,37.637293
-2892,55.845909,37.635721
-2893,55.844148,37.637499
-2894,55.844745,37.638092
-2895,55.845955,37.635979
-2896,55.842500,37.639414
-2897,55.842325,37.639254
-2898,55.841489,37.640271
-2899,55.842163,37.641300
-2900,55.842639,37.640287
-2901,55.841858,37.640698
-2902,55.842858,37.638742
-2903,55.842980,37.637910
-2904,55.840775,37.643404
-2905,55.840880,37.643530
-2906,55.840722,37.641592
-2907,55.839614,37.640921
-2908,55.839571,37.641379
-2909,55.837839,37.650451
-2910,55.838246,37.650612
-2911,55.809917,37.615680
-2912,55.818073,37.606159
-2913,55.818425,37.616533
-2914,55.820514,37.616646
-2915,55.807116,37.616207
-2916,55.806908,37.615732
-2917,55.807001,37.615599
-2918,55.807346,37.615776
-2919,55.807383,37.623128
-2920,55.805214,37.626384
-2921,55.799579,37.636859
-2922,55.799487,37.636866
-2923,55.796230,37.634008
-2924,55.795991,37.634010
-2925,55.796098,37.633877
-2926,55.796216,37.634221
-2927,55.792987,37.633234
-2928,55.793673,37.633062
-2929,55.794629,37.633945
-2930,55.791642,37.632160
-2931,55.791940,37.633022
-2932,55.791518,37.635404
-2933,55.792076,37.635092
-2934,55.792010,37.633095
-2935,55.791542,37.632189
-2936,55.787821,37.629179
-2937,55.787746,37.632819
-2938,55.788910,37.629126
-2939,55.788592,37.636393
-2940,55.792116,37.634793
-2941,55.791547,37.636736
-2942,55.785856,37.629564
-2943,55.784809,37.632937
-2944,55.786753,37.632854
-2945,55.786265,37.635869
-2946,55.784791,37.635217
-2947,55.784046,37.634554
-2948,55.809148,37.645277
-2949,55.807864,37.642577
-2950,55.807945,37.641180
-2951,55.807681,37.640383
-2952,55.840268,37.650466
-2953,55.838665,37.651469
-2954,55.840750,37.649451
-2955,55.841315,37.651046
-2956,55.840658,37.649998
-2957,55.841892,37.653726
-2958,55.841581,37.653313
-2959,55.841629,37.647391
-2960,55.841104,37.647194
-2961,55.841162,37.648501
-2962,55.841173,37.648847
-2963,55.840884,37.649100
-2964,55.843372,37.644716
-2965,55.849192,37.673861
-2966,55.851558,37.675559
-2967,55.851993,37.676140
-2968,55.851756,37.675838
-2969,55.852180,37.676388
-2970,55.853236,37.674715
-2971,55.855026,37.679398
-2972,55.856052,37.678439
-2973,55.857667,37.685568
-2974,55.858696,37.687666
-2975,55.847275,37.666432
-2976,55.847174,37.666113
-2977,55.846697,37.659345
-2978,55.847418,37.661484
-2979,55.846770,37.670846
-2980,55.847111,37.667589
-2981,55.848687,37.670957
-2982,55.847210,37.670819
-2983,55.847287,37.669089
-2984,55.845476,37.670475
-2985,55.821445,37.615016
-2986,55.821271,37.616710
-2987,55.824427,37.616750
-2988,55.821543,37.614881
-2989,55.821650,37.614523
-2990,55.821117,37.618157
-2991,55.821105,37.618335
-2992,55.833582,37.614669
-2993,55.830759,37.614734
-2994,55.832366,37.619316
-2995,55.832521,37.617344
-2996,55.834003,37.617682
-2997,55.832656,37.620167
-2998,55.832825,37.619940
-2999,55.824466,37.617720
-3000,55.814897,37.653719
-3001,55.815450,37.654454
-3002,55.815580,37.654788
-3003,55.815704,37.654216
-3004,55.815467,37.655310
-3005,55.815489,37.655055
-3006,55.814721,37.657681
-3007,55.814876,37.657849
-3008,55.815387,37.655541
-3009,55.818102,37.658463
-3010,55.817699,37.659760
-3011,55.816575,37.658787
-3012,55.815652,37.652714
-3013,55.815727,37.653086
-3014,55.814936,37.653601
-3015,55.815775,37.653965
-3016,55.814963,37.650010
-3017,55.815300,37.650301
-3018,55.815666,37.652423
-3019,55.815259,37.651257
-3020,55.813308,37.646552
-3021,55.813226,37.647764
-3022,55.813199,37.646963
-3023,55.814332,37.647439
-3024,55.820614,37.663952
-3025,55.819357,37.662035
-3026,55.819233,37.662406
-3027,55.818352,37.660185
-3028,55.819153,37.662321
-3029,55.819097,37.662489
-3030,55.817971,37.661505
-3031,55.819993,37.665438
-3032,55.813056,37.647727
-3033,55.809862,37.646780
-3034,55.809876,37.646663
-3035,55.809911,37.646834
-3036,55.808685,37.640066
-3037,55.807821,37.639271
-3038,55.807958,37.638659
-3039,55.807595,37.638415
-3040,55.807857,37.638557
-3041,55.805483,37.638140
-3042,55.804813,37.638008
-3043,55.804263,37.644782
-3044,55.804344,37.644649
-3045,55.804191,37.644617
-3046,55.804354,37.641599
-3047,55.804494,37.638995
-3048,55.804484,37.638913
-3049,55.803130,37.641343
-3050,55.796163,37.634926
-3051,55.801088,37.636227
-3052,55.799800,37.635861
-3053,55.801029,37.636428
-3054,55.802937,37.644552
-3055,55.801934,37.637261
-3056,55.807591,37.638473
-3057,55.824700,37.669548
-3058,55.820177,37.666183
-3059,55.819240,37.665256
-3060,55.820047,37.665608
-3061,55.819249,37.670755
-3062,55.819504,37.670376
-3063,55.828473,37.658623
-3064,55.829724,37.657323
-3065,55.828747,37.657920
-3066,55.828485,37.660280
-3067,55.826641,37.667617
-3068,55.825599,37.669252
-3069,55.828369,37.669489
-3070,55.829477,37.670785
-3071,55.828552,37.668811
-3072,55.838694,37.669542
-3073,55.846842,37.670926
-3074,55.845742,37.670770
-3075,55.844900,37.669982
-3076,55.847660,37.673254
-3077,55.847225,37.688728
-3078,55.849628,37.681688
-3079,55.852382,37.680750
-3080,55.852732,37.681202
-3081,55.858616,37.687792
-3082,55.857276,37.686336
-3083,55.855325,37.684389
-3084,55.834275,37.621866
-3085,55.840472,37.629030
-3086,55.835497,37.633375
-3087,55.834924,37.617030
-3088,55.834414,37.622629
-3089,55.835610,37.616051
-3090,55.839596,37.614354
-3091,55.839994,37.616805
-3092,55.838609,37.615649
-3093,55.843723,37.637820
-3094,55.843565,37.637889
-3095,55.842454,37.633985
-3096,55.843235,37.634769
-3097,55.840747,37.634186
-3098,55.841248,37.633181
-3099,55.840906,37.635250
-3100,55.841720,37.633052
-3101,55.840895,37.635453
-3102,55.846085,37.635786
-3103,55.846122,37.635645
-3104,55.844163,37.637671
-3105,55.844332,37.640223
-3106,55.844162,37.637690
-3107,55.845052,37.638218
-3108,55.846258,37.635706
-3109,55.846068,37.636082
-3110,55.842732,37.639091
-3111,55.842683,37.640146
-3112,55.841258,37.640280
-3113,55.841401,37.640889
-3114,55.842073,37.641990
-3115,55.841422,37.641345
-3116,55.842654,37.640210
-3117,55.842640,37.640369
-3118,55.842889,37.638737
-3119,55.842834,37.638798
-3120,55.842914,37.638767
-3121,55.840838,37.643187
-3122,55.841146,37.643597
-3123,55.841030,37.643302
-3124,55.840794,37.641528
-3125,55.840779,37.641950
-3126,55.840731,37.641301
-3127,55.837718,37.651380
-3128,55.838367,37.650881
-3129,55.809893,37.615661
-3130,55.816481,37.606211
-3131,55.818056,37.603637
-3132,55.818985,37.616056
-3133,55.818425,37.616056
-3134,55.807118,37.616510
-3135,55.806796,37.615670
-3136,55.806707,37.615480
-3137,55.806946,37.615433
-3138,55.807345,37.615622
-3139,55.806523,37.623861
-3140,55.799875,37.636382
-3141,55.799533,37.636940
-3142,55.799269,37.636487
-3143,55.799266,37.637206
-3144,55.796352,37.634122
-3145,55.795278,37.634083
-3146,55.795257,37.633972
-3147,55.796251,37.634316
-3148,55.793138,37.633114
-3149,55.793548,37.632916
-3150,55.793823,37.633028
-3151,55.791676,37.631570
-3152,55.791913,37.632771
-3153,55.791500,37.635504
-3154,55.792232,37.635064
-3155,55.792034,37.634082
-3156,55.792108,37.633084
-3157,55.788247,37.629158
-3158,55.787103,37.629216
-3159,55.791812,37.629104
-3160,55.788793,37.624189
-3161,55.787411,37.636127
-3162,55.788586,37.636900
-3163,55.792144,37.636025
-3164,55.792288,37.634748
-3165,55.791588,37.637062
-3166,55.791548,37.637268
-3167,55.791456,37.637806
-3168,55.786342,37.629573
-3169,55.784335,37.629308
-3170,55.783988,37.632743
-3171,55.786651,37.630930
-3172,55.786975,37.636029
-3173,55.786192,37.637422
-3174,55.783899,37.634953
-3175,55.783719,37.634448
-3176,55.809319,37.645627
-3177,55.809138,37.645165
-3178,55.807974,37.640437
-3179,55.807288,37.640327
-3180,55.807733,37.639259
-3181,55.840401,37.650206
-3182,55.838528,37.651212
-3183,55.839247,37.650584
-3184,55.840781,37.649487
-3185,55.840830,37.649565
-3186,55.841766,37.646504
-3187,55.840860,37.649050
-3188,55.841165,37.648975
-3189,55.844131,37.641861
-3190,55.844854,37.644183
-3191,55.843142,37.644669
-3192,55.849032,37.673651
-3193,55.849544,37.673621
-3194,55.857890,37.685180
-3195,55.858756,37.687588
-3196,55.859101,37.688475
-3197,55.847359,37.664586
-3198,55.846736,37.659172
-3199,55.845658,37.658463
-3200,55.847558,37.660553
-3201,55.847226,37.667619
-3202,55.849276,37.671032
-3203,55.847162,37.670926
-3204,55.847344,37.667488
-3205,55.845168,37.670272
-3206,55.821446,37.614545
-3207,55.824441,37.616252
-3208,55.825154,37.616859
-3209,55.821549,37.614633
-3210,55.821666,37.611972
-3211,55.834524,37.614128
-3212,55.832601,37.619749
-3213,55.832590,37.616455
-3214,55.833990,37.616808
-3215,55.832609,37.620129
-3216,55.832820,37.619869
-3217,55.824505,37.617724
-3218,55.814863,37.653682
-3219,55.815326,37.654809
-3220,55.815422,37.655262
-3221,55.815439,37.655000
-3222,55.814675,37.657632
-3223,55.814825,37.657797
-3224,55.815772,37.658761
-3225,55.814921,37.656900
-3226,55.815344,37.655494
-3227,55.818617,37.659039
-3228,55.817757,37.659821
-3229,55.817769,37.659556
-3230,55.816108,37.658359
-3231,55.813224,37.647833
-3232,55.813148,37.647749
-3233,55.817608,37.660688
-3234,55.818055,37.661383
-3235,55.817669,37.661187
-3236,55.817880,37.661638
-3237,55.820014,37.665580
-3238,55.819346,37.664858
-3239,55.809768,37.646783
-3240,55.809595,37.646170
-3241,55.809431,37.645759
-3242,55.809858,37.646868
-3243,55.808661,37.641098
-3244,55.807938,37.639082
-3245,55.804181,37.644765
-3246,55.804334,37.644794
-3247,55.804256,37.644907
-3248,55.806951,37.645109
-3249,55.802945,37.644416
-3250,55.795417,37.634768
-3251,55.801077,37.636326
-3252,55.796200,37.635069
-3253,55.800782,37.636479
-3254,55.803516,37.644651
-3255,55.802929,37.644694
-3256,55.807615,37.638548
-3257,55.824723,37.669591
-3258,55.820114,37.666132
-3259,55.819916,37.666202
-3260,55.817932,37.664123
-3261,55.819218,37.665343
-3262,55.817958,37.675317
-3263,55.819678,37.670123
-3264,55.828554,37.658772
-3265,55.829718,37.657396
-3266,55.828725,37.658140
-3267,55.828423,37.660160
-3268,55.826807,37.667632
-3269,55.825409,37.669286
-3270,55.828011,37.669113
-3271,55.829624,37.670770
-3272,55.828462,37.668726
-3273,55.838729,37.669389
-3274,55.838798,37.669598
-3275,55.847089,37.670975
-3276,55.845454,37.670703
-3277,55.847580,37.673054
-3278,55.847304,37.672791
-3279,55.844332,37.683303
-3280,55.849545,37.681667
-3281,55.851506,37.683085
-3282,55.859726,37.689989
-3283,55.857078,37.686753
-3284,55.840514,37.629147
-3285,55.840778,37.628897
-3286,55.835307,37.633776
-3287,55.835017,37.615668
-3288,55.835381,37.615770
-3289,55.839414,37.613895
-3290,55.840183,37.616571
-3291,55.838444,37.615655
-3292,55.843761,37.637922
-3293,55.843503,37.637935
-3294,55.842224,37.632956
-3295,55.843246,37.634549
-3296,55.840897,37.633477
-3297,55.840663,37.635103
-3298,55.841285,37.632508
-3299,55.841720,37.632722
-3300,55.840766,37.635774
-3301,55.846234,37.635888
-3302,55.846269,37.635485
-3303,55.844132,37.637855
-3304,55.845263,37.638394
-3305,55.846360,37.635482
-3306,55.846103,37.636269
-3307,55.842846,37.638866
-3308,55.842722,37.640103
-3309,55.841242,37.640350
-3310,55.841242,37.640208
-3311,55.841293,37.640985
-3312,55.842086,37.642454
-3313,55.841463,37.641693
-3314,55.840998,37.641307
-3315,55.842657,37.640446
-3316,55.843345,37.638222
-3317,55.842920,37.638830
-3318,55.840840,37.642797
-3319,55.841451,37.643602
-3320,55.841200,37.643245
-3321,55.841074,37.643046
-3322,55.840897,37.641421
-3323,55.840726,37.641069
-3324,55.809196,37.616892
-3325,55.816158,37.606450
-3326,55.818103,37.603550
-3327,55.818664,37.616056
-3328,55.819352,37.616056
-3329,55.818985,37.615704
-3330,55.807032,37.616339
